id,type,canonical_name,is_new,first_seen_email
INC-022,incident,Storm Fenwick,0,data\emails\9ec8751d35fb.eml
INC-NEW-001,incident,Storm Fenella,1,data\emails\08deb2e4e6eb.eml
LRF-06,lrf,Cumbria Local Resilience Forum,0,data\emails\0370e6a73a6b.eml
LRF-18,lrf,Lancashire Resilience Forum,0,data\emails\06ebcaf6afc8.eml
LRF-20,lrf,Lincolnshire Local Resilience Forum,0,data\emails\21959cf28728.eml
LRF-NEW-001,lrf,Lancs LRF,1,data\emails\14f8e3793618.eml
ORG-008,organisation,British Red Cross,0,data\emails\1be1a3814824.eml
ORG-011,organisation,Cabinet Office,0,data\emails\1b4437fee5a8.eml
ORG-025,organisation,Cumberland Council,0,data\emails\000d342976f4.eml
ORG-026,organisation,Cumbria Constabulary,0,data\emails\08f58c0aeda5.eml
ORG-027,organisation,Cumbria County Council,0,data\emails\824e466158eb.eml
ORG-028,organisation,Cumbria Fire and Rescue Service,0,data\emails\46e3a0ff4a87.eml
ORG-034,organisation,Drinking Water Inspectorate,0,data\emails\1b4437fee5a8.eml
ORG-038,organisation,Eden District Council,0,data\emails\8b79e0d24ebf.eml
ORG-039,organisation,Electricity North West,0,data\emails\14f8e3793618.eml
ORG-040,organisation,Environment Agency,0,data\emails\073b8248c849.eml
ORG-048,organisation,Keswick Mountain Rescue Team,0,data\emails\9f66f16c5a5e.eml
ORG-051,organisation,Lancashire Constabulary,0,data\emails\25c65638bb24.eml
ORG-052,organisation,Lancashire County Council,0,data\emails\055478c3ed6e.eml
ORG-053,organisation,Lancashire Fire and Rescue Service,0,data\emails\055478c3ed6e.eml
ORG-055,organisation,Lancaster City Council,0,data\emails\14f8e3793618.eml
ORG-062,organisation,Met Office,0,data\emails\0dfe5782e2d4.eml
ORG-063,organisation,Ministry of Defence,0,data\emails\3e75fc914c3a.eml
ORG-064,organisation,"Ministry of Housing, Communities and Local Government",0,data\emails\08f58c0aeda5.eml
ORG-070,organisation,National Highways,0,data\emails\0b2687311b6a.eml
ORG-072,organisation,Network Rail,0,data\emails\14f8e3793618.eml
ORG-073,organisation,North Cumbria Integrated Care NHS Foundation Trust,0,data\emails\0b2687311b6a.eml
ORG-075,organisation,North West Ambulance Service NHS Trust,0,data\emails\223698ae2683.eml
ORG-095,organisation,Royal Voluntary Service,0,data\emails\69f7cfd35d8b.eml
ORG-107,organisation,UK Health Security Agency,0,data\emails\0cc8d0c8bc90.eml
ORG-108,organisation,United Utilities,0,data\emails\08f58c0aeda5.eml
ORG-113,organisation,Westmorland and Furness Council,0,data\emails\06cea8dc9c50.eml
ORG-115,organisation,Wyre Council,0,data\emails\21959cf28728.eml
ORG-NEW-001,organisation,W&F Council,1,data\emails\06cea8dc9c50.eml
ORG-NEW-002,organisation,Lancs Police,1,data\emails\1039d764051a.eml
ORG-NEW-003,organisation,United Utiliites Water,1,data\emails\1b4437fee5a8.eml
SITE-0003,site,A591 Keswick to Grasmere,0,data\emails\0c61b2829e5d.eml
SITE-0008,site,A66 Keswick to Penrith,0,data\emails\37b7e249b4fa.eml
SITE-0010,site,A683 Lancaster to Kirkby Lonsdale,0,data\emails\055478c3ed6e.eml
SITE-0015,site,Appleby-in-Westmorland,0,data\emails\06cea8dc9c50.eml
SITE-0025,site,Carlisle,0,data\emails\073b8248c849.eml
SITE-0026,site,Carnforth,0,data\emails\25c65638bb24.eml
SITE-0027,site,Carnforth Primary Substation,0,data\emails\21959cf28728.eml
SITE-0028,site,Caton,0,data\emails\055478c3ed6e.eml
SITE-0031,site,Cockermouth,0,data\emails\073b8248c849.eml
SITE-0032,site,Cockermouth School,0,data\emails\0b2687311b6a.eml
SITE-0039,site,Eamont Moor Water Treatment Works,0,data\emails\08f58c0aeda5.eml
SITE-0042,site,Fellside Care Home,0,data\emails\08f58c0aeda5.eml
SITE-0048,site,Garstang,0,data\emails\27d89998ce91.eml
SITE-0050,site,Glenridding,0,data\emails\06cea8dc9c50.eml
SITE-0058,site,Hornby,0,data\emails\08deb2e4e6eb.eml
SITE-0059,site,Kendal,0,data\emails\68c5463c2913.eml
SITE-0061,site,Keswick,0,data\emails\073b8248c849.eml
SITE-0065,site,Keswick School,0,data\emails\08f58c0aeda5.eml
SITE-0067,site,Kirkby Lonsdale,0,data\emails\06cea8dc9c50.eml
SITE-0071,site,Lancaster,0,data\emails\055478c3ed6e.eml
SITE-0079,site,M6 Junction 40,0,data\emails\0b2687311b6a.eml
SITE-0084,site,Morecambe,0,data\emails\1039d764051a.eml
SITE-0086,site,Northside Bridge,0,data\emails\0b2687311b6a.eml
SITE-0090,site,Penrith,0,data\emails\08f58c0aeda5.eml
SITE-0091,site,Penrith Community Hospital,0,data\emails\3bc43150053e.eml
SITE-0092,site,Penrith Leisure Centre,0,data\emails\08f58c0aeda5.eml
SITE-0094,site,Pooley Bridge,0,data\emails\06cea8dc9c50.eml
SITE-0095,site,Pooley Bridge crossing,0,data\emails\06cea8dc9c50.eml
SITE-0099,site,Queen Elizabeth Grammar School,0,data\emails\125aa84d5eda.eml
SITE-0100,site,Queen Elizabeth School,0,data\emails\0b2687311b6a.eml
SITE-0102,site,Riverside Community Centre,0,data\emails\0b2687311b6a.eml
SITE-0109,site,Shap,0,data\emails\824e466158eb.eml
SITE-0114,site,Stainton,0,data\emails\06ebcaf6afc8.eml
SITE-0116,site,Threlkeld,0,data\emails\29e00f4b85b0.eml
SITE-0121,site,West Coast Main Line (Carlisle to Lancaster),0,data\emails\0b2687311b6a.eml
SITE-0123,site,West End Community Centre,0,data\emails\14f8e3793618.eml
SITE-0128,site,Workington,0,data\emails\0b2687311b6a.eml
SITE-NEW-001,site,A592,1,data\emails\06cea8dc9c50.eml
SITE-NEW-002,site,A591,1,data\emails\08f58c0aeda5.eml
SITE-NEW-003,site,A66,1,data\emails\0b2687311b6a.eml
