entity_id,alias_text,source_email
LRF-06,Cumbria LRF,d5668286777db5602754@cumbria-lrf.example
SITE-0010,A683,4b9d2de5bbcb4f0ca853@lancsfire.example
ORG-052,LCC,4b9d2de5bbcb4f0ca853@lancsfire.example
ORG-053,LFRS,4b9d2de5bbcb4f0ca853@lancsfire.example
ORG-113,Westmorland & Furness Council,d36e1e85a9db8e59a25d@westmorlandandfurness.example
LRF-18,Lancashire LRF,c6d4b5613b17c4878fbb@lancashire-rf.example
LRF-18,Lancashire LRF,7ba14f1b3a003244c980@lancashire-rf.example
SITE-0010,A683,7ba14f1b3a003244c980@lancashire-rf.example
LRF-18,Lancashire LRF,7ba14f1b3a003244c980@lancashire-rf.example
ORG-064,mhclg,c36a74b39d36c12756a3@cumbria-police.example
ORG-064,mhclg,c36a74b39d36c12756a3@cumbria-police.example
ORG-064,MHCLG,c36a74b39d36c12756a3@cumbria-police.example
LRF-06,Cumbria LRF,c36a74b39d36c12756a3@cumbria-police.example
LRF-18,Lancashire LRF,c36a74b39d36c12756a3@cumbria-police.example
LRF-06,Cumbria LRF,c36a74b39d36c12756a3@cumbria-police.example
ORG-064,MHCLG,c36a74b39d36c12756a3@cumbria-police.example
ORG-073,NCIC,4c85dc7968382da8cf4c@cumberland-council.example
ORG-040,EA,4c85dc7968382da8cf4c@cumberland-council.example
LRF-06,Cumbria LRF,4c85dc7968382da8cf4c@cumberland-council.example
SITE-0003,A591 Thirlmere,c100b8ffd6ff4b00f04e@westmorlandandfurness.example
ORG-040,EA,c100b8ffd6ff4b00f04e@westmorlandandfurness.example
LRF-06,Cumbria LRF,c100b8ffd6ff4b00f04e@westmorlandandfurness.example
SITE-0039,Eamont Moor WTW,aba7ad36462310f2d485@lancashire-rf.example
ORG-107,ukhsa,aba7ad36462310f2d485@lancashire-rf.example
LRF-18,Lancashire LRF,596f82070bc61dac2710@cumberland-council.example
ORG-053,LFRS,6b799691479e1e84ecb8@westmorlandandfurness.example
ORG-107,UKHSA,5e0e75bc58003b259be9@ukhsa.example
ORG-107,UKHSA,5e0e75bc58003b259be9@ukhsa.example
LRF-18,Lancashire LRF,274ba256205cb3f2dae1@lancashire-rf.example
SITE-0010,A683,274ba256205cb3f2dae1@lancashire-rf.example
ORG-026,Cumbria Police,908bd69f347e38c5099e@cumbria-police.example
LRF-18,Lancashire LRF,45087c3e3815b6503351@lancashire-rf.example
ORG-040,EA,45087c3e3815b6503351@lancashire-rf.example
ORG-040,EA,45087c3e3815b6503351@lancashire-rf.example
LRF-06,Cumbria LRF,e173df0f6313106552d8@cumbria-lrf.example
LRF-06,Cumbria LRF,e173df0f6313106552d8@cumbria-lrf.example
LRF-18,Lancashire LRF,f09e6beb1614080383e2@lancashire-rf.example
ORG-108,UU,4a6deaff9854db40508a@uuplc.example
ORG-107,ukhsa,4a6deaff9854db40508a@uuplc.example
ORG-113,Westmorland & Furness Council,7803d96f76c0db2c85bf@westmorlandandfurness.example
LRF-06,Cumbria LRF,77c0ca3a336da6cdca55@cabinetoffice.example
LRF-18,Lancashire LRF,77c0ca3a336da6cdca55@cabinetoffice.example
ORG-064,MHCLG,77c0ca3a336da6cdca55@cabinetoffice.example
ORG-107,UKHSA,77c0ca3a336da6cdca55@cabinetoffice.example
ORG-034,DWI,77c0ca3a336da6cdca55@cabinetoffice.example
LRF-06,Cumbria LRF,29ca55a0d88a0f66798b@cumbria-lrf.example
ORG-064,MHCLG,3e9d3159d84e72d2d92b@mhclg.example
ORG-064,mhclg,3e9d3159d84e72d2d92b@mhclg.example
LRF-06,Cumbria LRF,3e9d3159d84e72d2d92b@mhclg.example
LRF-18,Lancashire LRF,3e9d3159d84e72d2d92b@mhclg.example
ORG-064,MHCLG,3e9d3159d84e72d2d92b@mhclg.example
ORG-107,UKHSA,3e9d3159d84e72d2d92b@mhclg.example
ORG-034,DWI,3e9d3159d84e72d2d92b@mhclg.example
SITE-0003,A591 Thirlmere,d2aa8c276b13b900a38b@cumbria-lrf.example
ORG-040,EA,d2aa8c276b13b900a38b@cumbria-lrf.example
ORG-073,NCIC,d2aa8c276b13b900a38b@cumbria-lrf.example
LRF-06,Cumbria LRF,d2aa8c276b13b900a38b@cumbria-lrf.example
LRF-06,Cumbria LRF,111180ac8a515c42eeeb@cumbria-lrf.example
ORG-108,UU,111180ac8a515c42eeeb@cumbria-lrf.example
ORG-073,NCIC,111180ac8a515c42eeeb@cumbria-lrf.example
ORG-108,UU,111180ac8a515c42eeeb@cumbria-lrf.example
ORG-107,UKHSA,111180ac8a515c42eeeb@cumbria-lrf.example
LRF-06,Cumbria LRF,111180ac8a515c42eeeb@cumbria-lrf.example
ORG-026,Cumbria Police,12934b8663747a513e34@uuplc.example
LRF-20,Lancashire Local Resilience Forum,dbce49a610cfc846dec9@lancashire-rf.example
ORG-115,Wyre Borough Council,dbce49a610cfc846dec9@lancashire-rf.example
SITE-0010,A683,dbce49a610cfc846dec9@lancashire-rf.example
ORG-075,NWAS,437fddf81112227469f5@cumbria-lrf.example
LRF-06,Cumbria LRF,437fddf81112227469f5@cumbria-lrf.example
ORG-075,nwas,7c46cc02a3dffca89510@cumberland-council.example
LRF-06,Cumbria LRF,383a109e7ed725f23ea2@cumbria-lrf.example
LRF-06,Cumbria LRF,383a109e7ed725f23ea2@cumbria-lrf.example
SITE-0121,WCML,c9024a62b9cc5f869aec@lancashire-rf.example
SITE-0010,A683,c9024a62b9cc5f869aec@lancashire-rf.example
ORG-052,LCC,c9024a62b9cc5f869aec@lancashire-rf.example
ORG-115,Wyre Borough Council,e6be9febade137a73700@wyre-council.example
ORG-040,EA,e6be9febade137a73700@wyre-council.example
ORG-064,mhclg,28bd8d4c5972e8d93bad@mhclg.example
LRF-06,Cumbria LRF,28bd8d4c5972e8d93bad@mhclg.example
LRF-20,Lancashire Local Resilience Forum,28bd8d4c5972e8d93bad@mhclg.example
ORG-064,MHCLG,28bd8d4c5972e8d93bad@mhclg.example
ORG-108,UU,28bd8d4c5972e8d93bad@mhclg.example
ORG-107,UKHSA,28bd8d4c5972e8d93bad@mhclg.example
LRF-18,Lancashire LRF,41c60cc794b65d522454@lancashire-rf.example
SITE-0003,A591 Thirlmere,86dabf1428acc94ad72a@nationalhighways.example
ORG-064,MHCLG,fd34ad2143266c814f4a@mhclg.example
LRF-20,Lancashire Local Resilience Forum,fd34ad2143266c814f4a@mhclg.example
ORG-064,MHCLG,fd34ad2143266c814f4a@mhclg.example
LRF-06,Cumbria LRF,8159864f971cb774dd31@cumbria-lrf.example
ORG-NEW-003,United Utiliteis Water,8159864f971cb774dd31@cumbria-lrf.example
ORG-107,UKHSA,8159864f971cb774dd31@cumbria-lrf.example
ORG-108,UU,8159864f971cb774dd31@cumbria-lrf.example
LRF-06,Cumbria LRF,8159864f971cb774dd31@cumbria-lrf.example
ORG-064,mhclg,f462df78ef4b8fdce81d@cumbria-lrf.example
ORG-064,mhclg,f462df78ef4b8fdce81d@cumbria-lrf.example
ORG-064,MHCLG,f462df78ef4b8fdce81d@cumbria-lrf.example
LRF-06,Cumbria LRF,f462df78ef4b8fdce81d@cumbria-lrf.example
ORG-108,UU,f462df78ef4b8fdce81d@cumbria-lrf.example
ORG-039,enwl,3a1f3cb3560774ebcd5a@lancashire-rf.example
SITE-0003,A591 Thirlmere,a6c6f45c315d0635ac0b@redcross.example
ORG-040,EA,a6c6f45c315d0635ac0b@redcross.example
ORG-073,NCIC,a6c6f45c315d0635ac0b@redcross.example
LRF-06,Cumbria LRF,a6c6f45c315d0635ac0b@redcross.example
ORG-075,NWAS,62c5290c4fafb93286bc@nwas.example
ORG-075,NWAS,62c5290c4fafb93286bc@nwas.example
SITE-0079,M6 J40,3e307c34c623124ffa22@nationalhighways.example
ORG-075,nwas,3e307c34c623124ffa22@nationalhighways.example
LRF-18,Lancashire LRF,f66313010804ea1c0fb6@lancashire-rf.example
SITE-0121,WCML,8574082e3c33702b31a1@networkrail.example
SITE-0121,WCML,8574082e3c33702b31a1@networkrail.example
SITE-0121,WCML,8574082e3c33702b31a1@networkrail.example
LRF-18,Lancashire LRF,8574082e3c33702b31a1@networkrail.example
ORG-026,Cumbria Police,d9f0a65f8ed41e232fa4@cumbria-lrf.example
ORG-108,UU,546618a24a555a5d2642@cumbria-lrf.example
ORG-034,DWI,546618a24a555a5d2642@cumbria-lrf.example
ORG-073,NCIC,546618a24a555a5d2642@cumbria-lrf.example
LRF-06,Cumbria LRF,546618a24a555a5d2642@cumbria-lrf.example
ORG-040,EA,002c53433afcbc4e41be@environment-agency.example
ORG-040,EA,002c53433afcbc4e41be@environment-agency.example
ORG-063,mod,fe627e556533935b7689@mod.example
LRF-06,Cumbria LRF,fe627e556533935b7689@mod.example
LRF-20,Lancashire Local Resilience Forum,a695dbc671acaa5b3bca@lancsfire.example
SITE-0121,WCML,a695dbc671acaa5b3bca@lancsfire.example
SITE-0010,A683,a695dbc671acaa5b3bca@lancsfire.example
ORG-052,LCC,a695dbc671acaa5b3bca@lancsfire.example
LRF-06,Cumbria LRF,0d9ccfef2955d0b44639@cumbria-police.example
ORG-113,Westmorland & Furness Council,0d9ccfef2955d0b44639@cumbria-police.example
SITE-0121,WCML,0d9ccfef2955d0b44639@cumbria-police.example
LRF-06,Cumbria LRF,0d9ccfef2955d0b44639@cumbria-police.example
LRF-06,Cumbria LRF,ae821e3dac5b3ba58e17@cabinetoffice.example
LRF-20,Lancashire Local Resilience Forum,ae821e3dac5b3ba58e17@cabinetoffice.example
ORG-064,MHCLG,ae821e3dac5b3ba58e17@cabinetoffice.example
ORG-108,UU,ae821e3dac5b3ba58e17@cabinetoffice.example
ORG-107,UKHSA,ae821e3dac5b3ba58e17@cabinetoffice.example
LRF-06,Cumbria LRF,e933f60fe0cc88f0c37c@cumbria-police.example
ORG-113,Westmorland & Furness Council,e933f60fe0cc88f0c37c@cumbria-police.example
SITE-0121,WCML,e933f60fe0cc88f0c37c@cumbria-police.example
LRF-06,Cumbria LRF,e933f60fe0cc88f0c37c@cumbria-police.example
ORG-063,mod,63fc0a37929f2cbbd152@mhclg.example
LRF-06,Cumbria LRF,63fc0a37929f2cbbd152@mhclg.example
ORG-107,ukhsa,ed17e2977db8ef999cfe@westmorlandandfurness.example
SITE-0099,QEGS,0da892aeb758711c5e49@westmorlandandfurness.example
ORG-075,NWAS,faa638b15a960e11d1da@cumbriafire.example
ORG-073,NCIC,bb6c314e4ea3dd1822dc@cumbria-lrf.example
ORG-040,EA,bb6c314e4ea3dd1822dc@cumbria-lrf.example
LRF-06,Cumbria LRF,bb6c314e4ea3dd1822dc@cumbria-lrf.example
LRF-06,Cumbria LRF,a2a4ed2494cc4f9a73b6@cumbria-lrf.example
ORG-028,CFRS,a2a4ed2494cc4f9a73b6@cumbria-lrf.example
SITE-0003,A591 Thirlmere,d5658ecfdde5522e6e04@cumberland-council.example
LRF-06,Cumbria LRF,3fb9e7b9e4efc2f97b11@cumbria-lrf.example
LRF-06,Cumbria LRF,ff87dfef22efca3ff093@cumbria-lrf.example
ORG-064,MHCLG,5d58b53199ca5c2231c3@mhclg.example
LRF-06,Cumbria LRF,5d58b53199ca5c2231c3@mhclg.example
ORG-026,Cumbria Police,5d58b53199ca5c2231c3@mhclg.example
ORG-073,NCIC,5d58b53199ca5c2231c3@mhclg.example
ORG-107,ukhsa,4b9726e0f51f8caa79fb@nationalhighways.example
SITE-0079,M6 J40,4b9726e0f51f8caa79fb@nationalhighways.example
ORG-040,EA,48ae9082a2aa0ab16b72@nwas.example
LRF-18,Lancashire LRF,f292f1418c0336f631c5@wyre-council.example
LRF-18,Lancashire LRF,f292f1418c0336f631c5@wyre-council.example
SITE-0010,A683,f292f1418c0336f631c5@wyre-council.example
ORG-026,Cumbria Police,78a0329b09d3f287c505@cumberland-council.example
LRF-06,Cumbria LRF,ee99a26bf5ec8e91f275@cumbria-lrf.example
ORG-063,mod,ee99a26bf5ec8e91f275@cumbria-lrf.example
ORG-063,mod,ee99a26bf5ec8e91f275@cumbria-lrf.example
LRF-06,Cumbria LRF,ee99a26bf5ec8e91f275@cumbria-lrf.example
LRF-06,Cmubria LRF,ee99a26bf5ec8e91f275@cumbria-lrf.example
ORG-040,EA,8e1333a1db208fdecac8@environment-agency.example
ORG-040,EA,3c0ed73cf0b4eeb7cefa@environment-agency.example
ORG-039,enwl,d44b3566c992e4cb302e@cumbria-police.example
SITE-0003,A591 Thirlmere,c748f459efdb5b5141b3@cumbria-lrf.example
ORG-040,EA,c748f459efdb5b5141b3@cumbria-lrf.example
ORG-073,NCIC,c748f459efdb5b5141b3@cumbria-lrf.example
LRF-06,Cumbria LRF,c748f459efdb5b5141b3@cumbria-lrf.example
ORG-040,EA,426eb9d955d25ca3826f@cumbriafire.example
SITE-0010,A683,904e0add012ac72397bb@lancashire-rf.example
ORG-064,mhclg,904e0add012ac72397bb@lancashire-rf.example
ORG-095,RVS,44a1d8241197eb6a39d8@cumberland-council.example
LRF-06,Cumbria LRF,44a1d8241197eb6a39d8@cumberland-council.example
LRF-06,Cumbria LRF,441d337bbc8c7cd8d49c@cumbria-lrf.example
LRF-06,Cumbria LRF,ead1f5b8beb7eaedac74@cumbria-lrf.example
ORG-064,MHCLG,76169ace217c8037bfcd@mhclg.example
LRF-06,Cumbria LRF,76169ace217c8037bfcd@mhclg.example
ORG-108,UU,76169ace217c8037bfcd@mhclg.example
LRF-06,Cumbria LRF,26d483860c2d75184fb1@cumbria-lrf.example
ORG-113,Westmorland & Furness Council,26d483860c2d75184fb1@cumbria-lrf.example
SITE-0121,WCML,26d483860c2d75184fb1@cumbria-lrf.example
LRF-06,Cumbria LRF,26d483860c2d75184fb1@cumbria-lrf.example
LRF-06,Cumbria LRF,c76fe1cdd2003ee1e7a5@cumbria-lrf.example
ORG-075,nwas,e442d5cc512fec61c7b4@cumberland-council.example
ORG-064,MHCLG,4f116ae2c7dfc5f0b6db@mhclg.example
LRF-20,Lancashire Local Resilience Forum,4f116ae2c7dfc5f0b6db@mhclg.example
ORG-064,MHCLG,4f116ae2c7dfc5f0b6db@mhclg.example
ORG-075,NWAS,5dc800d438148eae703d@lancsfire.example
ORG-051,Lancashire Police,5dc800d438148eae703d@lancsfire.example
LRF-20,Lancashire Local Resilience Forum,5dc800d438148eae703d@lancsfire.example
ORG-075,North West Ambulance Srevice NHS Trust,11a07b159439cae45545@nwas.example
LRF-06,Cumbria LRF,c8e058feb54765e1bfc1@nwas.example
SITE-0079,M6 J40,c8e058feb54765e1bfc1@nwas.example
LRF-06,Cumbria LRF,afee969c8b26d3af96da@cumbria-lrf.example
ORG-108,UU,afee969c8b26d3af96da@cumbria-lrf.example
LRF-06,Cumbria LRF,afee969c8b26d3af96da@cumbria-lrf.example
SITE-0079,M6 J40,9855891a208d85516f76@ukhsa.example
LRF-06,Cumbria LRF,aabaf25d5409264d2f90@cumbria-lrf.example
ORG-064,mhclg,aabaf25d5409264d2f90@cumbria-lrf.example
ORG-064,mhclg,aabaf25d5409264d2f90@cumbria-lrf.example
ORG-064,MHCLG,aabaf25d5409264d2f90@cumbria-lrf.example
LRF-20,Lancashire Local Resilience Forum,aabaf25d5409264d2f90@cumbria-lrf.example
ORG-064,MHCLG,aabaf25d5409264d2f90@cumbria-lrf.example
SITE-0121,WCML,8f1e042153389ea5f0d3@networkrail.example
ORG-075,nwas,8f1e042153389ea5f0d3@networkrail.example
LRF-06,Cumbria LRF,4fdac63f055f1a70e87c@westmorlandandfurness.example
LRF-06,Cumbria LRF,dd64c0b633a11d9f2069@cumbria-lrf.example
ORG-026,Cumbria Police,dd64c0b633a11d9f2069@cumbria-lrf.example
ORG-073,NCIC,dd64c0b633a11d9f2069@cumbria-lrf.example
LRF-06,Cumbria LRF,3e543eea54f8258a9ef2@cumbria-lrf.example
SITE-0039,Eamont Moor WTW,3e543eea54f8258a9ef2@cumbria-lrf.example
ORG-095,RVS,8fef0e899b6e57be98f6@cumberland-council.example
ORG-113,Westmorland & Furness Council,f473420a02796c9ccbd9@westmorlandandfurness.example
SITE-0003,A591 Thirlmere,f473420a02796c9ccbd9@westmorlandandfurness.example
ORG-075,nwas,e83e863c2407e5682363@nationalhighways.example
LRF-18,Lancashire LRF,e0b0a153df59105cba50@enwl.example
ORG-113,Westmorland & Furness Council,0e21bb70f3eee725bd4c@cumbria-lrf.example
ORG-039,ENWL,0e21bb70f3eee725bd4c@cumbria-lrf.example
LRF-06,Cumbria LRF,0e21bb70f3eee725bd4c@cumbria-lrf.example
ORG-107,UKHSA,8c17f5e532a061f7bb98@ukhsa.example
LRF-06,Cumbria LRF,8c17f5e532a061f7bb98@ukhsa.example
LRF-06,Cumbria LRF,8c17f5e532a061f7bb98@ukhsa.example
ORG-064,mhclg,210d8c8b256471472560@cumbria-police.example
ORG-064,mhclg,210d8c8b256471472560@cumbria-police.example
LRF-06,Cumbria LRF,6a54cc0678e610ce78bc@westmorlandandfurness.example
ORG-113,Westmorland & Furness Council,6a54cc0678e610ce78bc@westmorlandandfurness.example
LRF-06,Cumbria LRF,a0e7e23c70bcd840535b@cumbria-lrf.example
LRF-06,Cumbria LRF,a0e7e23c70bcd840535b@cumbria-lrf.example
ORG-075,NWAS,a0e7e23c70bcd840535b@cumbria-lrf.example
ORG-040,EA,a0e7e23c70bcd840535b@cumbria-lrf.example
LRF-06,Cumbria LRF,a0e7e23c70bcd840535b@cumbria-lrf.example
ORG-113,Westmorland & Furness Council,5eaa414e8fa1d15f97bb@westmorlandandfurness.example
ORG-039,enwl,e9fd40715744f771b8e4@enwl.example
ORG-039,enwl,e9fd40715744f771b8e4@enwl.example
LRF-18,Lancashire LRF,3f30c94f7c1e9ec47fd7@lancashire-rf.example
ORG-064,mhclg,3f30c94f7c1e9ec47fd7@lancashire-rf.example
LRF-06,Cumbria LRF,3f30c94f7c1e9ec47fd7@lancashire-rf.example
ORG-064,mhclg,a0beab41bf3fadd00ad9@westmorlandandfurness.example
ORG-064,MHCLG,a0beab41bf3fadd00ad9@westmorlandandfurness.example
ORG-113,Westmorland & Furness Council,f983cbe9675a8f611b97@westmorlandandfurness.example
ORG-039,enwl,267679c7a998e11080d8@cumbria-lrf.example
SITE-0039,Eamont Moor WTW,5521a5882216e94e4434@dwi.example
ORG-034,DWI,5521a5882216e94e4434@dwi.example
ORG-075,NWAS,d862dd2bb52fe7846473@lancashire-rf.example
ORG-051,Lancashire Police,d862dd2bb52fe7846473@lancashire-rf.example
LRF-06,Cumbria LRF,43a078708d0c131d444a@cumbria-lrf.example
ORG-040,EA,43a078708d0c131d444a@cumbria-lrf.example
LRF-06,Cumbria LRF,bf0b830123fd2037959e@cumbria-lrf.example
ORG-075,nwas,bf0b830123fd2037959e@cumbria-lrf.example
ORG-053,LFRS,261156bb63e99bee92bd@lancsfire.example
SITE-0010,A683,261156bb63e99bee92bd@lancsfire.example
LRF-18,Lancashire LRF,261156bb63e99bee92bd@lancsfire.example
LRF-06,Cumbria LRF,e243addd058b087f8659@cumbria-lrf.example
ORG-113,Westmorland & Furness Council,e243addd058b087f8659@cumbria-lrf.example
ORG-040,EA,cd6939a5d8945d3ea9eb@cumbria-lrf.example
SITE-0010,A683,86272d52e4affab8ccc9@lancashire-rf.example
LRF-18,Lancashire LRF,86272d52e4affab8ccc9@lancashire-rf.example
ORG-075,NWAS,f65fdaf15b6f81842b2d@nwas.example
LRF-20,Lancashire Local Resilience Forum,339987cbc1856d95aef2@lancashire-rf.example
ORG-052,LCC,339987cbc1856d95aef2@lancashire-rf.example
SITE-0121,WCML,339987cbc1856d95aef2@lancashire-rf.example
LRF-18,Lancashire LRF,339987cbc1856d95aef2@lancashire-rf.example
ORG-028,CFRS,cfbcc18ec778229fcf1c@cumbriafire.example
LRF-06,Cumbria LRF,7a65f6ed6ea108e6a890@cumbria-lrf.example
LRF-06,Cumbria LRF,7a65f6ed6ea108e6a890@cumbria-lrf.example
ORG-064,mhclg,2ee4d8517be2e84f2fab@mhclg.example
ORG-064,MHCLG,97d4f1d347d970cd457a@mhclg.example
ORG-064,MHCLG,77102170600b3d4a4efe@mhclg.example
LRF-06,Cumbria LRF,77102170600b3d4a4efe@mhclg.example
LRF-18,Lancashire LRF,77102170600b3d4a4efe@mhclg.example
LRF-06,Cumbria LRF,77102170600b3d4a4efe@mhclg.example
ORG-064,MHCLG,77102170600b3d4a4efe@mhclg.example
LRF-06,Cumbria LRF,a79378ee5a714c5840cb@redcross.example
ORG-075,NWAS,a79378ee5a714c5840cb@redcross.example
ORG-040,EA,a79378ee5a714c5840cb@redcross.example
LRF-06,Cumbria LRF,a79378ee5a714c5840cb@redcross.example
ORG-107,UKHSA,c72364967b5ead46dc31@cumbria-lrf.example
SITE-0039,Eamont Moor WTW,da0fb6a96fd83ea68920@uuplc.example
ORG-064,mhclg,810798b5b4e7ae616f2c@cabinetoffice.example
ORG-064,MHCLG,810798b5b4e7ae616f2c@cabinetoffice.example
LRF-06,Cumbria LRF,810798b5b4e7ae616f2c@cabinetoffice.example
LRF-18,Lancashire LRF,810798b5b4e7ae616f2c@cabinetoffice.example
LRF-06,Cumbria LRF,810798b5b4e7ae616f2c@cabinetoffice.example
ORG-064,MHCLG,810798b5b4e7ae616f2c@cabinetoffice.example
ORG-040,EA,a4eecb9bfeb4a669243f@cumbria-lrf.example
LRF-06,Cumbria LRF,dd8ce953cb89e3d7b258@cumbria-lrf.example
ORG-095,RVS,f2e07fb06c404646476a@cumbria-lrf.example
LRF-06,Cumbria LRF,f2e07fb06c404646476a@cumbria-lrf.example
ORG-026,Cumbria Police,325393f22f748d289463@cumbria-police.example
LRF-06,Cumbria LRF,d374d77dbfaae5aa63fd@cumbria-lrf.example
SITE-0003,A591 Thirlmere,6cc6ccf6d4ed8eeff33e@westmorlandandfurness.example
ORG-040,EA,6cc6ccf6d4ed8eeff33e@westmorlandandfurness.example
ORG-073,NCIC,6cc6ccf6d4ed8eeff33e@westmorlandandfurness.example
LRF-06,Cumbria LRF,6cc6ccf6d4ed8eeff33e@westmorlandandfurness.example
LRF-06,Cumbria LRF,1f4e28c8a3fb409b01f6@cumbria-lrf.example
SITE-0003,A591 Thirlmere,1f4e28c8a3fb409b01f6@cumbria-lrf.example
ORG-040,EA,1f4e28c8a3fb409b01f6@cumbria-lrf.example
LRF-06,Cumbria LRF,1f4e28c8a3fb409b01f6@cumbria-lrf.example
ORG-064,mhclg,f7ea9dee51cbeefadce4@westmorlandandfurness.example
LRF-06,Cumbria LRF,9884ab44f1688b38301a@cumbria-lrf.example
SITE-0003,A591 Thirlmere,9884ab44f1688b38301a@cumbria-lrf.example
LRF-06,Cumbria LRF,6e45c5077eca2370095f@westmorlandandfurness.example
ORG-075,NWAS,6e45c5077eca2370095f@westmorlandandfurness.example
ORG-040,EA,6e45c5077eca2370095f@westmorlandandfurness.example
LRF-06,Cumbria LRF,6e45c5077eca2370095f@westmorlandandfurness.example
ORG-028,CFRS,e31e1b1bcd0b083e1831@cumbriafire.example
LRF-06,Cumbria LRF,e31e1b1bcd0b083e1831@cumbriafire.example
ORG-034,dwi,450cc0fd6e660358cb2c@cumberland-council.example
ORG-034,DWI,450cc0fd6e660358cb2c@cumberland-council.example
SITE-0039,Eamont Moor WTW,450cc0fd6e660358cb2c@cumberland-council.example
ORG-034,DWI,450cc0fd6e660358cb2c@cumberland-council.example
ORG-073,NCIC,435102d50b1dbd43e10d@ncic.example
SITE-0010,A683,ba5630f56e0b879d3ed6@lancashire-rf.example
LRF-18,Lancashire LRF,ba5630f56e0b879d3ed6@lancashire-rf.example
ORG-040,EA,8f15929b760e5d431bdd@cumbria-lrf.example
LRF-06,Cumbria LRF,8f15929b760e5d431bdd@cumbria-lrf.example
LRF-06,Cumbria LRF,6a60712d5cd1c9083b1d@cumbria-lrf.example
SITE-0099,QEGS,18bcde5b3f4c5c68b576@westmorlandandfurness.example
SITE-0099,QEGS,18bcde5b3f4c5c68b576@westmorlandandfurness.example
ORG-075,NWAS,d120f9e5facf0b12e9df@mhclg.example
ORG-064,mhclg,014b85876a3f657a6c93@cumbria-lrf.example
SITE-0121,WCML,3ff3efad843ba128a743@lancashire-rf.example
LRF-18,Lancashire LRF,3ff3efad843ba128a743@lancashire-rf.example
ORG-107,UKHSA,8a8f05f3cbabc9610430@ukhsa.example
ORG-040,EA,8b4c128d9ea81dc562a4@westmorlandandfurness.example
ORG-113,Westmorland & Furness Council,20edfc599353d5e5c808@cumbria-lrf.example
ORG-095,RVS,4ef339df797a20f255b1@cumberland-council.example
ORG-064,MHCLG,d6527f32d8a331054e78@mhclg.example
ORG-064,mhclg,d6527f32d8a331054e78@mhclg.example
LRF-06,Cumbria LRF,d6527f32d8a331054e78@mhclg.example
LRF-18,Lancashire LRF,d6527f32d8a331054e78@mhclg.example
ORG-064,MHCLG,d6527f32d8a331054e78@mhclg.example
ORG-107,UKHSA,d6527f32d8a331054e78@mhclg.example
ORG-034,DWI,d6527f32d8a331054e78@mhclg.example
ORG-040,EA,c63e02574edb62ac7708@cumberland-council.example
ORG-040,EA,c63e02574edb62ac7708@cumberland-council.example
LRF-18,Lancashire LRF,06434cd46174dc1de06a@westmorlandandfurness.example
LRF-18,Lancashire LRF,06434cd46174dc1de06a@westmorlandandfurness.example
SITE-0010,A683,06434cd46174dc1de06a@westmorlandandfurness.example
LRF-06,Cumrbia LRF,af1d306e4a4fcda75597@cumbria-lrf.example
LRF-06,Cumbria LRF,d8a58dca01e17e79893d@cumbria-lrf.example
ORG-075,NWAS,d8a58dca01e17e79893d@cumbria-lrf.example
ORG-040,EA,d8a58dca01e17e79893d@cumbria-lrf.example
LRF-06,Cumbria LRF,d8a58dca01e17e79893d@cumbria-lrf.example
ORG-064,mhclg,d5435630a205a02ac603@cabinetoffice.example
ORG-064,MHCLG,d5435630a205a02ac603@cabinetoffice.example
LRF-06,Cumbria LRF,d5435630a205a02ac603@cabinetoffice.example
ORG-108,UU,d5435630a205a02ac603@cabinetoffice.example
SITE-0099,QEGS,141c9e2a309a024fcf50@cumberland-council.example
LRF-06,Cumbria LRF,adef5a3ce1e110f9785e@cumbria-lrf.example
LRF-06,Cumbria LRF,e71376d938ed7b5dc4a8@cumbria-lrf.example
SITE-0079,M6 J40,e71376d938ed7b5dc4a8@cumbria-lrf.example
LRF-06,Cumbria LRF,ba6c8946fb30477905c6@cumbria-lrf.example
SITE-0003,A591 Thirlmere,0bb829c33aa9aa85a8d0@cumberland-council.example
ORG-034,dwi,11c4e175ca9513b1a779@uuplc.example
ORG-034,DWI,11c4e175ca9513b1a779@uuplc.example
SITE-0039,Eamont Moor WTW,11c4e175ca9513b1a779@uuplc.example
ORG-034,DWI,11c4e175ca9513b1a779@uuplc.example
LRF-06,Cumbria LRF,40665012dbaa1de84609@cumbria-lrf.example
SITE-0099,QEGS,40665012dbaa1de84609@cumbria-lrf.example
ORG-073,NCIC,40665012dbaa1de84609@cumbria-lrf.example
LRF-06,Cumbria LRF,e2db3b4adaf6cacbd31b@cumbria-lrf.example
LRF-20,Lancashire Local Resilience Forum,e2db3b4adaf6cacbd31b@cumbria-lrf.example
ORG-115,Wyre Borough Council,e2db3b4adaf6cacbd31b@cumbria-lrf.example
SITE-0010,A683,e2db3b4adaf6cacbd31b@cumbria-lrf.example
LRF-18,Lancashire LRF,e42878cb6a9cbaa8c257@lancashire-rf.example
ORG-113,Westmorland & Furness Council,c754e2b0fc15b830bef7@westmorlandandfurness.example
LRF-06,Cumbria LRF,c754e2b0fc15b830bef7@westmorlandandfurness.example
ORG-108,UU,c754e2b0fc15b830bef7@westmorlandandfurness.example
ORG-073,NCIC,c754e2b0fc15b830bef7@westmorlandandfurness.example
ORG-108,UU,c754e2b0fc15b830bef7@westmorlandandfurness.example
ORG-107,UKHSA,c754e2b0fc15b830bef7@westmorlandandfurness.example
LRF-06,Cumbria LRF,c754e2b0fc15b830bef7@westmorlandandfurness.example
ORG-107,ukhsa,29b1e059714031db0b4d@cumberland-council.example
ORG-107,UKHSA,29b1e059714031db0b4d@cumberland-council.example
LRF-20,Lancashire Local Resilience Forum,226e04b094a179eb7309@mhclg.example
ORG-052,LCC,226e04b094a179eb7309@mhclg.example
SITE-0121,WCML,226e04b094a179eb7309@mhclg.example
LRF-18,Lancashire LRF,226e04b094a179eb7309@mhclg.example
