id,entity_id,property,value,observed_at,source_email,snippet
1,SITE-0028,status,closed,2026-01-14T15:00:00+00:00,data\emails\055478c3ed6e.eml,near Caton. The road remains closed by LCC.
2,SITE-0094,status,affected,2026-01-14T13:00:00+00:00,data\emails\06cea8dc9c50.eml,"Is the village of Pooley Bridge itself flooded, or only the crossing?"
3,SITE-0050,status,closed,2026-01-14T13:00:00+00:00,data\emails\06cea8dc9c50.eml,'- Glenridding is cut off. Pooley Bridge crossing closed since 0600 because of debris.
4,SITE-0095,status,closed,2026-01-14T13:00:00+00:00,data\emails\06cea8dc9c50.eml,'- Glenridding is cut off. Pooley Bridge crossing closed since 0600 because of debris.
5,SITE-0067,status,closed,2026-01-14T13:00:00+00:00,data\emails\06cea8dc9c50.eml,'- QES Kirkby Lonsdale is closed today because of flooding on the access road.
6,SITE-0010,status,open,2026-01-16T13:30:00+00:00,data\emails\08deb2e4e6eb.eml,recovery group. The A683 near Hornby reopened at 1000.
7,SITE-0058,status,open,2026-01-16T13:30:00+00:00,data\emails\08deb2e4e6eb.eml,recovery group. The A683 near Hornby reopened at 1000.
8,SITE-0095,status,closed,2026-01-15T14:38:00+00:00,data\emails\08f58c0aeda5.eml,'- Pooley Bridge crossing: CLOSED
9,SITE-NEW-002,status,closed,2026-01-15T14:38:00+00:00,data\emails\08f58c0aeda5.eml,'- A591 near Thirlmere: remains closed (flooding)
10,SITE-0095,status,closed,2026-01-15T13:25:00+00:00,data\emails\0b2687311b6a.eml,'- Pooley Bridge crossing: closed to all traffic
11,SITE-0086,status,closed,2026-01-15T13:25:00+00:00,data\emails\0b2687311b6a.eml,"'- Northside Bridge, Workington: closed to all traffic"
12,SITE-0128,status,closed,2026-01-15T13:25:00+00:00,data\emails\0b2687311b6a.eml,"'- Northside Bridge, Workington: closed to all traffic"
13,SITE-NEW-003,status,open,2026-01-15T13:25:00+00:00,data\emails\0b2687311b6a.eml,'- A66 west of Penrith: reopened
14,SITE-0090,status,open,2026-01-15T13:25:00+00:00,data\emails\0b2687311b6a.eml,'- A66 west of Penrith: reopened
15,SITE-NEW-002,status,closed,2026-01-15T13:25:00+00:00,data\emails\0b2687311b6a.eml,'- A591 at Thirlmere: closed - flooding
16,SITE-0121,status,open,2026-01-15T13:25:00+00:00,data\emails\0b2687311b6a.eml,'- West Coast Main Line (Carlisle to Lancaster): reopened (run by NR)
17,SITE-NEW-002,status,closed,2026-01-15T18:00:00+00:00,data\emails\0ed572112c3c.eml,Status at 1755: A591 Dunmail Raise closed both directions.
18,SITE-0099,status,closed,2026-01-17T17:30:00+00:00,data\emails\125aa84d5eda.eml,'- Queen Elizabeth Grammar School: CLOSED today
19,SITE-0121,status,closed,2026-01-14T12:00:00+00:00,data\emails\14f8e3793618.eml,* West Coast Main Line (Carlisle to Lancaster): CLOSED (run by NR)
20,SITE-0010,status,closed,2026-01-14T12:00:00+00:00,data\emails\14f8e3793618.eml,* A683: remains closed (flooding)
21,SITE-NEW-002,status,closed,2026-01-16T08:55:00+00:00,data\emails\16a24191aaed.eml,Yes - the A591 at Thirlmere is still closed. Next check by highways at 1600.
22,SITE-NEW-002,status,closed,2026-01-13T18:00:00+00:00,data\emails\19022373acf8.eml,Latest: A591 at Thirlmere - remains closed (flooding) (checked 1755).
23,SITE-0094,status,closed,2026-01-15T10:50:00+00:00,data\emails\1a9575985a37.eml,Status at 1045: the bridge at Pooley Bridge CLOSED.
24,SITE-NEW-002,status,closed,2026-01-13T15:35:00+00:00,data\emails\1be1a3814824.eml,The A591 Kewsick to Grasmere at Thirlmere was closed by our highways team at 1400 because of flooding.
25,SITE-NEW-002,status,closed,2026-01-16T17:55:00+00:00,data\emails\1d18a4d7c159.eml,Yes - the A591 near Thirlmere is still closed. Next check by highways at 1600.
26,SITE-0099,status,closed,2026-01-17T11:00:00+00:00,data\emails\1df2ba4c430e.eml,'- Queen Elizabeth Grammar School: CLOSED today
27,SITE-0123,status,closed,2026-01-16T16:10:00+00:00,data\emails\20d666173876.eml,West End Community Centre closed as a rest centre at 1600. All residents have returned home.
28,SITE-0027,status,affected,2026-01-16T12:00:00+00:00,data\emails\21959cf28728.eml,"* Carnforth Primary Substation: flooded, out of service (run by Electricity NW)"
29,SITE-0086,status,closed,2026-01-14T10:50:00+00:00,data\emails\225d0cb5a40a.eml,Status at 1045: the Northside bridge closed to all traffic.
30,SITE-0010,status,closed,2026-01-14T19:00:00+00:00,data\emails\25c65638bb24.eml,* A683: remains closed (flooding) (run by LCC)
31,SITE-0048,status,affected,2026-01-14T09:30:00+00:00,data\emails\27d89998ce91.eml,Wyre confirm 42 properties flooded in Garstang.
32,SITE-0003,status,closed,2026-01-13T17:00:00+00:00,data\emails\29e00f4b85b0.eml,Local roads are for the councils. We understand the A591 Thirlmere is closed by Cumberland Council.
33,SITE-0086,status,closed,2026-01-17T08:00:00+00:00,data\emails\2a4b006fadef.eml,'- the Northside bridge: closed to all traffic
34,SITE-NEW-002,status,closed,2026-01-17T08:00:00+00:00,data\emails\2a4b006fadef.eml,'- A591 near Thirlmere: remains closed (flooding)
35,SITE-0099,status,closed,2026-01-16T17:00:00+00:00,data\emails\2c38c8a729cd.eml,'- Queen Elizabeth Grammar School: CLOSED today
36,SITE-0086,status,closed,2026-01-16T08:49:00+00:00,data\emails\2cad278cba0f.eml,'- Northside Bridge: closed as a precaution
37,SITE-0094,status,closed,2026-01-16T08:49:00+00:00,data\emails\2cad278cba0f.eml,'- the bridge at Pooley Bridge: closed to all traffic
38,SITE-0003,status,closed,2026-01-16T17:12:00+00:00,data\emails\2cf7030fe5a7.eml,'- A591 Thirlmere: CLOSED
39,SITE-0102,status,closed,2026-01-16T17:12:00+00:00,data\emails\2cf7030fe5a7.eml,'- Riverside Community Centre: rest centre closed (run by Cumberland Council)
40,SITE-0086,status,closed,2026-01-16T17:12:00+00:00,data\emails\2cf7030fe5a7.eml,'- Northside Bridge: closed as a precaution
41,SITE-0095,status,open,2026-01-16T17:12:00+00:00,data\emails\2cf7030fe5a7.eml,'- the Pooley Bridge crossing: reopened
42,SITE-0050,status,closed,2026-01-16T17:12:00+00:00,data\emails\2cf7030fe5a7.eml,'- Glenridding village hall: rest centre closed
43,ORG-025,involvement,stood_down,2026-01-16T17:12:00+00:00,data\emails\2cf7030fe5a7.eml,'- Keswick School: stood down (run by Cumberland Council)
44,SITE-0086,status,closed,2026-01-14T08:00:00+00:00,data\emails\2d147efa5108.eml,'- Northside Bridge: closed to all traffic
45,SITE-0094,status,closed,2026-01-14T08:00:00+00:00,data\emails\2d147efa5108.eml,'- the bridge at Pooley Bridge: closed as a precaution
46,SITE-0123,status,closed,2026-01-16T17:07:00+00:00,data\emails\34894694f696.eml,Subject: West End Community Centre closed
47,SITE-0123,status,closed,2026-01-16T17:07:00+00:00,data\emails\34894694f696.eml,West End Community Centre closed as a rest centre at 1600. All residents have returned home.
48,SITE-NEW-002,status,closed,2026-01-15T08:00:00+00:00,data\emails\37b7e249b4fa.eml,'- A591 Dunmail Raise: remains closed (flooding)
49,SITE-0095,status,closed,2026-01-15T08:00:00+00:00,data\emails\37b7e249b4fa.eml,'- Pooley Bridge crossing: closed to all traffic
50,SITE-0086,status,closed,2026-01-15T08:00:00+00:00,data\emails\37b7e249b4fa.eml,'- Northside Bridge: closed as a precaution
51,SITE-0061,status,affected,2026-01-14T13:30:00+00:00,data\emails\3e3693c428ed.eml,"Dear Priya, a constituent, Mr Steve Nicholson of 8 Lake Road, Keswick, says his basement has flooded"
52,SITE-0010,status,closed,2026-01-14T19:20:00+00:00,data\emails\3f231238e03b.eml,* A683: remains closed (flooding) (run by LCC)
53,SITE-0071,status,closed,2026-01-14T10:00:00+00:00,data\emails\4013929f1adf.eml,Lancaster CC has closed parts of the Morecambe promenade because of Storm Fenella. The
54,SITE-0084,status,closed,2026-01-14T10:00:00+00:00,data\emails\4013929f1adf.eml,Lancaster CC has closed parts of the Morecambe promenade because of Storm Fenella. The
55,SITE-0086,status,closed,2026-01-16T13:29:00+00:00,data\emails\4108de7aec15.eml,'- Northside Bridge: closed as a precaution
56,SITE-NEW-002,status,closed,2026-01-16T13:29:00+00:00,data\emails\4108de7aec15.eml,'- A591 Dunmail Raise: closed both directions
57,SITE-0095,status,closed,2026-01-16T13:29:00+00:00,data\emails\4108de7aec15.eml,'- Pooley Bridge crossing: closed as a precaution
58,SITE-0100,status,open,2026-01-16T13:29:00+00:00,data\emails\4108de7aec15.eml,'- Queen Elizabeth School: reopened
59,SITE-0065,status,closed,2026-01-16T13:29:00+00:00,data\emails\4108de7aec15.eml,"'- Keswick School: closed, all residents rehoused (run by Cumberland Council)"
60,SITE-0099,status,closed,2026-01-16T08:15:00+00:00,data\emails\4517a3e8ba54.eml,QEGS is closed today because the school has no safe drinking water. Other schools in
61,SITE-0095,status,closed,2026-01-15T13:00:00+00:00,data\emails\470e5dbefb72.eml,'- Pooley Bridge crossing: closed to all traffic
62,SITE-0086,status,closed,2026-01-15T13:00:00+00:00,data\emails\470e5dbefb72.eml,"'- Northside Bridge, Workington: closed to all traffic"
63,SITE-0128,status,closed,2026-01-15T13:00:00+00:00,data\emails\470e5dbefb72.eml,"'- Northside Bridge, Workington: closed to all traffic"
64,SITE-NEW-003,status,open,2026-01-15T13:00:00+00:00,data\emails\470e5dbefb72.eml,'- A66 west of Penrith: reopened
65,SITE-0090,status,open,2026-01-15T13:00:00+00:00,data\emails\470e5dbefb72.eml,'- A66 west of Penrith: reopened
66,SITE-NEW-002,status,closed,2026-01-15T13:00:00+00:00,data\emails\470e5dbefb72.eml,'- A591 at Thirlmere: closed - flooding
67,SITE-0121,status,open,2026-01-15T13:00:00+00:00,data\emails\470e5dbefb72.eml,'- West Coast Main Line (Carlisle to Lancaster): reopened (run by NR)
68,SITE-NEW-002,status,open,2026-01-17T12:30:00+00:00,data\emails\4a37a891c6e6.eml,'- A591 Dunmail Raise reopened at 1000 with temporary traffic lights
69,SITE-0032,status,closed,2026-01-17T12:30:00+00:00,data\emails\4a37a891c6e6.eml,'- Cockermouth School rest centre closed at 1200
70,SITE-NEW-002,status,closed,2026-01-13T15:20:00+00:00,data\emails\4cda97fa1edc.eml,The A591 Kewsick to Grasmere at Thirlmere was closed by our highways team at 1400 because of flooding.
71,SITE-0079,status,closed,2026-01-14T12:07:00+00:00,data\emails\4febca1a3418.eml,Subject: URGENT: M6 Junction 40 closed - overturned HGV
72,SITE-0003,status,closed,2026-01-13T18:26:00+00:00,data\emails\52a6d2bce9d2.eml,Local roads are for the councils. We understand the A591 Thirlmere is closed by Cumberland Council.
73,SITE-0102,status,closed,2026-01-16T12:15:00+00:00,data\emails\56bd461102b6.eml,"'- Riverside Community Centre, Carlisle: closed at 1200, no residents left"
74,SITE-0025,status,closed,2026-01-16T12:15:00+00:00,data\emails\56bd461102b6.eml,"'- Riverside Community Centre, Carlisle: closed at 1200, no residents left"
75,SITE-NEW-002,status,closed,2026-01-16T12:15:00+00:00,data\emails\56bd461102b6.eml,'- A591 Dunmail Raise: still closed; structural checks on the retaining wall continue
76,SITE-NEW-002,status,closed,2026-01-13T19:20:00+00:00,data\emails\56defffa4ce0.eml,'- A591 near Thirlmere: remains closed (flooding)
77,SITE-0121,status,closed,2026-01-14T12:20:00+00:00,data\emails\5ecc432424cd.eml,* West Coast Main Line (Carlisle to Lancaster): CLOSED (run by NR)
78,SITE-0010,status,closed,2026-01-14T12:20:00+00:00,data\emails\5ecc432424cd.eml,* A683: remains closed (flooding)
79,SITE-0086,status,closed,2026-01-16T15:05:00+00:00,data\emails\607e1b5b574a.eml,"Latest: Northside Bridge, Workington - CLOSED (checked 1500)."
80,SITE-0128,status,closed,2026-01-16T15:05:00+00:00,data\emails\607e1b5b574a.eml,"Latest: Northside Bridge, Workington - CLOSED (checked 1500)."
81,SITE-0003,status,closed,2026-01-16T17:00:00+00:00,data\emails\65c889f9fb7d.eml,'- A591 Thirlmere: CLOSED
82,SITE-0102,status,closed,2026-01-16T17:00:00+00:00,data\emails\65c889f9fb7d.eml,'- Riverside Community Centre: rest centre closed (run by Cumberland Council)
83,SITE-0086,status,closed,2026-01-16T17:00:00+00:00,data\emails\65c889f9fb7d.eml,'- Northside Bridge: closed as a precaution
84,SITE-0095,status,open,2026-01-16T17:00:00+00:00,data\emails\65c889f9fb7d.eml,'- the Pooley Bridge crossing: reopened
85,SITE-0050,status,closed,2026-01-16T17:00:00+00:00,data\emails\65c889f9fb7d.eml,'- Glenridding village hall: rest centre closed
86,ORG-025,involvement,stood_down,2026-01-16T17:00:00+00:00,data\emails\65c889f9fb7d.eml,'- Keswick School: stood down (run by Cumberland Council)
87,SITE-0079,status,open,2026-01-14T15:10:00+00:00,data\emails\67be8588771c.eml,Update: M6 Junction 40 is now fully reopened. Thanks all.
88,SITE-0079,status,closed,2026-01-14T15:10:00+00:00,data\emails\67be8588771c.eml,Subject: RE: URGENT: M6 Junction 40 closed - overturned HGV
89,SITE-0079,status,closed,2026-01-14T15:10:00+00:00,data\emails\67be8588771c.eml,Subject: URGENT: M6 Junction 40 closed - overturned HGV
90,SITE-0010,status,closed,2026-01-15T08:50:00+00:00,data\emails\694bba77c32a.eml,Status at 0845: A683 near Hornby remains closed (flooding).
91,SITE-0058,status,closed,2026-01-15T08:50:00+00:00,data\emails\694bba77c32a.eml,Status at 0845: A683 near Hornby remains closed (flooding).
92,SITE-0086,status,closed,2026-01-16T08:00:00+00:00,data\emails\6b10a5e7538a.eml,'- Northside Bridge: closed as a precaution
93,SITE-0094,status,closed,2026-01-16T08:00:00+00:00,data\emails\6b10a5e7538a.eml,'- the bridge at Pooley Bridge: closed to all traffic
94,SITE-0086,status,closed,2026-01-16T12:00:00+00:00,data\emails\6d75fcd91d63.eml,'- Northside Bridge: closed as a precaution
95,SITE-NEW-002,status,closed,2026-01-16T12:00:00+00:00,data\emails\6d75fcd91d63.eml,'- A591 Dunmail Raise: closed both directions
96,SITE-0095,status,closed,2026-01-16T12:00:00+00:00,data\emails\6d75fcd91d63.eml,'- Pooley Bridge crossing: closed as a precaution
97,SITE-0100,status,open,2026-01-16T12:00:00+00:00,data\emails\6d75fcd91d63.eml,'- Queen Elizabeth School: reopened
98,SITE-0065,status,closed,2026-01-16T12:00:00+00:00,data\emails\6d75fcd91d63.eml,"'- Keswick School: closed, all residents rehoused (run by Cumberland Council)"
99,SITE-NEW-002,status,closed,2026-01-13T17:00:00+00:00,data\emails\72d57c5fd84b.eml,'- A591 near Thirlmere: CLOSED
100,SITE-0032,status,open,2026-01-17T12:44:00+00:00,data\emails\73862709023e.eml,Subject: Cockermouth School closed and A591 Dunmail Raise reopened
101,SITE-0032,status,closed,2026-01-17T12:44:00+00:00,data\emails\73862709023e.eml,Subject: Cockermouth School closed and A591 Dunmail Raise reopened
102,SITE-NEW-002,status,open,2026-01-17T12:44:00+00:00,data\emails\73862709023e.eml,Subject: Cockermouth School closed and A591 Dunmail Raise reopened
103,SITE-NEW-002,status,closed,2026-01-17T12:44:00+00:00,data\emails\73862709023e.eml,Subject: Cockermouth School closed and A591 Dunmail Raise reopened
104,SITE-NEW-002,status,open,2026-01-17T12:44:00+00:00,data\emails\73862709023e.eml,'- A591 Dunmail Raise reopened at 1000 with temporary traffic lights
105,SITE-0032,status,closed,2026-01-17T12:44:00+00:00,data\emails\73862709023e.eml,'- Cockermouth School rest centre closed at 1200
106,SITE-0065,status,closed,2026-01-15T16:11:00+00:00,data\emails\73e461d575ae.eml,Subject: Keswick School rest centre closed
107,SITE-0065,status,closed,2026-01-15T16:11:00+00:00,data\emails\73e461d575ae.eml,Keswick School rest centre closed at 1500. All residents have gone home or to family.
108,SITE-0032,status,closed,2026-01-15T16:11:00+00:00,data\emails\73e461d575ae.eml,Cumberland Council continues to run Cockermouth School as a rest centre. A591 at Thirlmere remains closed.
109,SITE-NEW-002,status,closed,2026-01-15T16:11:00+00:00,data\emails\73e461d575ae.eml,Cumberland Council continues to run Cockermouth School as a rest centre. A591 at Thirlmere remains closed.
110,SITE-0079,status,closed,2026-01-14T13:00:00+00:00,data\emails\78b3adbabc96.eml,'- M6 J40: CLOSED
111,SITE-0067,status,closed,2026-01-14T13:00:00+00:00,data\emails\78b3adbabc96.eml,'- QES Kirkby Lonsdale: CLOSED today
112,SITE-0095,status,closed,2026-01-14T13:00:00+00:00,data\emails\78b3adbabc96.eml,'- Pooley Bridge crossing: closed to all traffic
113,SITE-NEW-002,status,closed,2026-01-14T13:00:00+00:00,data\emails\78b3adbabc96.eml,'- A591 at Thirmlere: closed both directions
114,SITE-0086,status,closed,2026-01-14T13:00:00+00:00,data\emails\78b3adbabc96.eml,"'- Northside Bridge, Workington: closed to all traffic"
115,SITE-0128,status,closed,2026-01-14T13:00:00+00:00,data\emails\78b3adbabc96.eml,"'- Northside Bridge, Workington: closed to all traffic"
116,SITE-NEW-002,status,closed,2026-01-13T17:39:00+00:00,data\emails\7f783a1a93e0.eml,'- A591 near Thirlmere: CLOSED
117,SITE-NEW-002,status,closed,2026-01-13T19:00:00+00:00,data\emails\8249fe0a1fdc.eml,'- A591 near Thirlmere: remains closed (flooding)
118,SITE-0121,status,closed,2026-01-14T10:30:00+00:00,data\emails\824e466158eb.eml,The West Coast Main Line (Carlisle to Lancaster) is closed between Carlisle and Lancaster from 1000 because of flooding at
119,SITE-0025,status,closed,2026-01-14T10:30:00+00:00,data\emails\824e466158eb.eml,The West Coast Main Line (Carlisle to Lancaster) is closed between Carlisle and Lancaster from 1000 because of flooding at
120,SITE-0071,status,closed,2026-01-14T10:30:00+00:00,data\emails\824e466158eb.eml,The West Coast Main Line (Carlisle to Lancaster) is closed between Carlisle and Lancaster from 1000 because of flooding at
121,SITE-0061,status,closed,2026-01-14T11:50:00+00:00,data\emails\860384545209.eml,between Keswick and Grasmere is closed and drivers should not try to use it.
122,SITE-0027,status,affected,2026-01-14T13:20:00+00:00,data\emails\8714cc2fd19a.eml,"Carnforth Primary Substation has flooded and is out of service. 3,100 customers in Carnforth and"
123,SITE-0026,status,affected,2026-01-14T13:20:00+00:00,data\emails\8714cc2fd19a.eml,"Carnforth Primary Substation has flooded and is out of service. 3,100 customers in Carnforth and"
124,SITE-0095,status,closed,2026-01-14T07:00:00+00:00,data\emails\8ad5f39e5cf3.eml,'- Pooley Bridge crossing: closed as a precaution
125,SITE-0086,status,closed,2026-01-14T07:00:00+00:00,data\emails\8ad5f39e5cf3.eml,'- the Northside bridge: CLOSED
126,SITE-NEW-002,status,closed,2026-01-14T07:00:00+00:00,data\emails\8ad5f39e5cf3.eml,'- A591 Dunmail Raise: closed both directions
127,SITE-0086,status,closed,2026-01-17T08:33:00+00:00,data\emails\8c3845157656.eml,'- the Northside bridge: closed to all traffic
128,SITE-NEW-002,status,closed,2026-01-17T08:33:00+00:00,data\emails\8c3845157656.eml,'- A591 near Thirlmere: remains closed (flooding)
129,SITE-0095,status,closed,2026-01-14T18:33:00+00:00,data\emails\8f0bdc68f170.eml,'- the Pooley Bridge crossing: closed as a precaution
130,SITE-0086,status,closed,2026-01-14T18:33:00+00:00,data\emails\8f0bdc68f170.eml,'- Northside Bridge: closed to all traffic
131,SITE-NEW-002,status,closed,2026-01-14T18:33:00+00:00,data\emails\8f0bdc68f170.eml,'- A591 near Thirlmere: closed - flooding
132,SITE-0100,status,closed,2026-01-14T18:33:00+00:00,data\emails\8f0bdc68f170.eml,'- Queen Elizabeth School: closed to pupils
133,SITE-0003,status,closed,2026-01-17T09:55:00+00:00,data\emails\9403c63056d4.eml,Yes - the A591 Keswick to Grasmere is still closed. Next check by highways at 1600.
134,SITE-0050,status,closed,2026-01-14T12:15:00+00:00,data\emails\94498cf4324d.eml,'- Glenridding is cut off. Pooley Bridge crossing closed since 0600 because of debris.
135,SITE-0095,status,closed,2026-01-14T12:15:00+00:00,data\emails\94498cf4324d.eml,'- Glenridding is cut off. Pooley Bridge crossing closed since 0600 because of debris.
136,SITE-0067,status,closed,2026-01-14T12:15:00+00:00,data\emails\94498cf4324d.eml,'- QES Kirkby Lonsdale is closed today because of flooding on the access road.
137,SITE-0027,status,affected,2026-01-14T14:00:00+00:00,data\emails\94c2e5a6abff.eml,Subject: RE: Carnforth Primary Substation flooded
138,SITE-0095,status,closed,2026-01-14T11:35:00+00:00,data\emails\9759f8979a5c.eml,Latest: Pooley Bridge crossing - closed to all traffic (checked 1130).
139,SITE-0067,status,closed,2026-01-14T15:05:00+00:00,data\emails\97c4900a0f99.eml,Status at 1500: QES Kirkby Lonsdale closed.
140,SITE-0065,status,closed,2026-01-15T15:45:00+00:00,data\emails\9ae413b0a077.eml,Subject: Keswick School rest centre closed
141,SITE-0065,status,closed,2026-01-15T15:45:00+00:00,data\emails\9ae413b0a077.eml,Keswick School rest centre closed at 1500. All residents have gone home or to family.
142,SITE-0032,status,closed,2026-01-15T15:45:00+00:00,data\emails\9ae413b0a077.eml,Cumberland Council continues to run Cockermouth School as a rest centre. A591 at Thirlmere remains closed.
143,SITE-NEW-002,status,closed,2026-01-15T15:45:00+00:00,data\emails\9ae413b0a077.eml,Cumberland Council continues to run Cockermouth School as a rest centre. A591 at Thirlmere remains closed.
144,SITE-0048,status,affected,2026-01-14T11:00:00+00:00,data\emails\9fbabac4d37f.eml,42 properties flooded in Garstang from the River Wyre during Storm Fenella response. Lancs Fire & Rescue pumped
145,SITE-0010,status,closed,2026-01-13T21:20:00+00:00,data\emails\a117871afc78.eml,* A683 near Hornby: CLOSED (run by Lancashire County Council)
146,SITE-0058,status,closed,2026-01-13T21:20:00+00:00,data\emails\a117871afc78.eml,* A683 near Hornby: CLOSED (run by Lancashire County Council)
147,SITE-0095,status,closed,2026-01-14T18:00:00+00:00,data\emails\a4042f5a5be7.eml,'- the Pooley Bridge crossing: closed as a precaution
148,SITE-0086,status,closed,2026-01-14T18:00:00+00:00,data\emails\a4042f5a5be7.eml,'- Northside Bridge: closed to all traffic
149,SITE-NEW-002,status,closed,2026-01-14T18:00:00+00:00,data\emails\a4042f5a5be7.eml,'- A591 near Thirlmere: closed - flooding
150,SITE-0100,status,closed,2026-01-14T18:00:00+00:00,data\emails\a4042f5a5be7.eml,'- Queen Elizabeth School: closed to pupils
151,SITE-0086,status,closed,2026-01-17T17:00:00+00:00,data\emails\a4f970872805.eml,"'- Northside Bridge, Workington: closed to all traffic"
152,SITE-0128,status,closed,2026-01-17T17:00:00+00:00,data\emails\a4f970872805.eml,"'- Northside Bridge, Workington: closed to all traffic"
153,SITE-0003,status,open,2026-01-17T17:00:00+00:00,data\emails\a4f970872805.eml,'- A591 Keswick to Grasmere: reopened
154,SITE-0095,status,open,2026-01-17T17:00:00+00:00,data\emails\a4f970872805.eml,'- Pooley Bridge crossing: reopened after inspection
155,SITE-0032,status,closed,2026-01-17T17:00:00+00:00,data\emails\a4f970872805.eml,"'- Cockermouth School: closed, all residents rehoused (run by Cumberland Council)"
156,SITE-0050,status,closed,2026-01-17T17:00:00+00:00,data\emails\a4f970872805.eml,'- Glenridding Village Hall: rest centre closed
157,SITE-0010,status,closed,2026-01-13T21:00:00+00:00,data\emails\aa263df212a9.eml,* A683 near Hornby: CLOSED (run by Lancashire County Council)
158,SITE-0058,status,closed,2026-01-13T21:00:00+00:00,data\emails\aa263df212a9.eml,* A683 near Hornby: CLOSED (run by Lancashire County Council)
159,SITE-NEW-002,status,closed,2026-01-13T16:50:00+00:00,data\emails\adad2774efa8.eml,The A591 Kewsick to Grasmere at Thirlmere was closed by our highways team at 1400 because of flooding.
160,SITE-0010,status,closed,2026-01-15T12:00:00+00:00,data\emails\afceaa553a1d.eml,* A683 Lancaster to Kirkby Lonsdale: closed - flooding (run by LCC)
161,SITE-0121,status,closed,2026-01-14T10:15:00+00:00,data\emails\b6b924c399cb.eml,The West Coast Main Line (Carlisle to Lancaster) is closed between Carlisle and Lancaster from 1000 because of flooding at
162,SITE-0025,status,closed,2026-01-14T10:15:00+00:00,data\emails\b6b924c399cb.eml,The West Coast Main Line (Carlisle to Lancaster) is closed between Carlisle and Lancaster from 1000 because of flooding at
163,SITE-0071,status,closed,2026-01-14T10:15:00+00:00,data\emails\b6b924c399cb.eml,The West Coast Main Line (Carlisle to Lancaster) is closed between Carlisle and Lancaster from 1000 because of flooding at
164,SITE-0094,status,open,2026-01-16T15:30:00+00:00,data\emails\b6c2e8ac28e5.eml,'- Pooley Bridge reopened at 1300 after an inspection.
165,SITE-0050,status,closed,2026-01-16T15:30:00+00:00,data\emails\b6c2e8ac28e5.eml,'- Glenridding Village Hall closed at 1500. Access to Glenridding is restored.
166,SITE-0050,status,restored,2026-01-16T15:30:00+00:00,data\emails\b6c2e8ac28e5.eml,'- Glenridding Village Hall closed at 1500. Access to Glenridding is restored.
167,SITE-0050,status,closed,2026-01-16T15:30:00+00:00,data\emails\b6c2e8ac28e5.eml,'- Glenridding Village Hall closed at 1500. Access to Glenridding is restored.
168,SITE-0050,status,restored,2026-01-16T15:30:00+00:00,data\emails\b6c2e8ac28e5.eml,'- Glenridding Village Hall closed at 1500. Access to Glenridding is restored.
169,SITE-0121,status,open,2026-01-15T09:15:00+00:00,data\emails\b70ba045af5e.eml,The West Coast Main Line (Carlisle to Lancaster) reopened at 0900 after track inspections. Expect delays today.
170,SITE-0095,status,closed,2026-01-15T14:00:00+00:00,data\emails\b85602eb6043.eml,'- Pooley Bridge crossing: CLOSED
171,SITE-NEW-002,status,closed,2026-01-15T14:00:00+00:00,data\emails\b85602eb6043.eml,'- A591 near Thirlmere: remains closed (flooding)
172,SITE-0003,status,closed,2026-01-17T09:20:00+00:00,data\emails\b99a8c5ab179.eml,'- A591 Keswick to Grasmere: closed both directions
173,SITE-0050,status,closed,2026-01-17T09:20:00+00:00,data\emails\b99a8c5ab179.eml,'- Glenridding village hall: rest centre closed (run by Westmorland and Furness)
174,SITE-0086,status,closed,2026-01-17T09:20:00+00:00,data\emails\b99a8c5ab179.eml,'- the Northside bridge: closed to all traffic
175,SITE-0099,status,closed,2026-01-17T17:00:00+00:00,data\emails\ba4b5aaf384f.eml,'- Queen Elizabeth Grammar School: CLOSED today
176,SITE-0065,status,closed,2026-01-16T08:00:00+00:00,data\emails\c3a5a5c57f30.eml,"'- Keswick School: closed, all residents rehoused (run by Cumberland Council)"
177,SITE-0095,status,closed,2026-01-16T08:00:00+00:00,data\emails\c3a5a5c57f30.eml,'- Pooley Bridge crossing: closed as a precaution
178,SITE-0086,status,closed,2026-01-16T08:00:00+00:00,data\emails\c3a5a5c57f30.eml,'- the Northside bridge: closed to all traffic
179,SITE-NEW-002,status,closed,2026-01-16T08:00:00+00:00,data\emails\c3a5a5c57f30.eml,'- A591 near Thirlmere: remains closed (flooding)
180,SITE-NEW-002,status,closed,2026-01-15T18:55:00+00:00,data\emails\c48c78436e16.eml,Yes - the A591 Ksewick to Grasmere is still closed. Next check by highways at 1600.
181,SITE-0121,status,open,2026-01-15T19:00:00+00:00,data\emails\d1e2d5803612.eml,* West Coast Main Line (Carlisle to Lancaster): reopened (run by Network Rail)
182,SITE-0027,status,affected,2026-01-15T19:00:00+00:00,data\emails\d1e2d5803612.eml,"* Carnforth Primary Substation: flooded, out of service"
183,SITE-0010,status,closed,2026-01-15T19:00:00+00:00,data\emails\d1e2d5803612.eml,* A683 near Hornby: remains closed (flooding) (run by Lancashire CC)
184,SITE-0058,status,closed,2026-01-15T19:00:00+00:00,data\emails\d1e2d5803612.eml,* A683 near Hornby: remains closed (flooding) (run by Lancashire CC)
185,SITE-0094,status,closed,2026-01-15T18:00:00+00:00,data\emails\d226c31853bc.eml,'- the bridge at Pooley Bridge: CLOSED
186,SITE-0086,status,closed,2026-01-15T18:00:00+00:00,data\emails\d226c31853bc.eml,'- the Northside bridge: CLOSED
187,ORG-025,involvement,stood_down,2026-01-15T18:00:00+00:00,data\emails\d226c31853bc.eml,'- Keswick School: stood down (run by Cumberland Council EP team)
188,SITE-0067,status,open,2026-01-15T18:00:00+00:00,data\emails\d226c31853bc.eml,'- QES Kirkby Lonsdale: reopened
189,SITE-0003,status,closed,2026-01-14T11:35:00+00:00,data\emails\d3b6b2c7d1e8.eml,A591 Keswick to Grasmere is CLOSED as of 1130.
190,SITE-0099,status,open,2026-01-16T08:55:00+00:00,data\emails\d7ac5e3e31eb.eml,No - this is QEGS in Penrith. QES Kirkby Lonsdale reopened on Thursday.
191,SITE-0090,status,open,2026-01-16T08:55:00+00:00,data\emails\d7ac5e3e31eb.eml,No - this is QEGS in Penrith. QES Kirkby Lonsdale reopened on Thursday.
192,SITE-0067,status,open,2026-01-16T08:55:00+00:00,data\emails\d7ac5e3e31eb.eml,No - this is QEGS in Penrith. QES Kirkby Lonsdale reopened on Thursday.
193,SITE-0094,status,affected,2026-01-14T12:30:00+00:00,data\emails\e03b6ab6c710.eml,"Is the village of Pooley Bridge itself flooded, or only the crossing?"
194,SITE-0050,status,closed,2026-01-14T12:30:00+00:00,data\emails\e03b6ab6c710.eml,'- Glenridding is cut off. Pooley Bridge crossing closed since 0600 because of debris.
195,SITE-0095,status,closed,2026-01-14T12:30:00+00:00,data\emails\e03b6ab6c710.eml,'- Glenridding is cut off. Pooley Bridge crossing closed since 0600 because of debris.
196,SITE-0067,status,closed,2026-01-14T12:30:00+00:00,data\emails\e03b6ab6c710.eml,'- QES Kirkby Lonsdale is closed today because of flooding on the access road.
197,SITE-0079,status,closed,2026-01-14T11:25:00+00:00,data\emails\e6f7ac39db29.eml,Subject: URGENT: M6 Junction 40 closed - overturned HGV
198,SITE-0121,status,closed,2026-01-14T13:24:00+00:00,data\emails\e71deea8b849.eml,* West Coast Main Line (Carlisle to Lancaster): CLOSED (run by NR)
199,SITE-0010,status,closed,2026-01-14T13:24:00+00:00,data\emails\e71deea8b849.eml,* A683: remains closed (flooding)
200,SITE-0003,status,closed,2026-01-17T09:00:00+00:00,data\emails\e9849ea4c591.eml,'- A591 Keswick to Grasmere: closed both directions
201,SITE-0050,status,closed,2026-01-17T09:00:00+00:00,data\emails\e9849ea4c591.eml,'- Glenridding village hall: rest centre closed (run by Westmorland and Furness)
202,SITE-0086,status,closed,2026-01-17T09:00:00+00:00,data\emails\e9849ea4c591.eml,'- the Northside bridge: closed to all traffic
203,SITE-0100,status,closed,2026-01-16T08:40:00+00:00,data\emails\f03769fb6875.eml,Is that the Queen Elizabeth School in Kirkby Lonsdale? I thought it closed on Wednesday for flooding.
204,SITE-0067,status,closed,2026-01-16T08:40:00+00:00,data\emails\f03769fb6875.eml,Is that the Queen Elizabeth School in Kirkby Lonsdale? I thought it closed on Wednesday for flooding.
205,SITE-0094,status,open,2026-01-16T15:45:00+00:00,data\emails\f107a029f7ec.eml,'- Pooley Bridge reopened at 1300 after an inspection.
206,SITE-0050,status,closed,2026-01-16T15:45:00+00:00,data\emails\f107a029f7ec.eml,'- Glenridding Village Hall closed at 1500. Access to Glenridding is restored.
207,SITE-0050,status,restored,2026-01-16T15:45:00+00:00,data\emails\f107a029f7ec.eml,'- Glenridding Village Hall closed at 1500. Access to Glenridding is restored.
208,SITE-0050,status,closed,2026-01-16T15:45:00+00:00,data\emails\f107a029f7ec.eml,'- Glenridding Village Hall closed at 1500. Access to Glenridding is restored.
209,SITE-0050,status,restored,2026-01-16T15:45:00+00:00,data\emails\f107a029f7ec.eml,'- Glenridding Village Hall closed at 1500. Access to Glenridding is restored.
210,SITE-0086,status,closed,2026-01-14T20:30:00+00:00,data\emails\f274492449e4.eml,Status at 2025: Northside Bridge closed to all traffic.
211,SITE-0065,status,closed,2026-01-15T15:30:00+00:00,data\emails\f2f83b0987ed.eml,Keswick School rest centre closed at 1500. All residents have gone home or to family.
212,SITE-0032,status,closed,2026-01-15T15:30:00+00:00,data\emails\f2f83b0987ed.eml,Cumberland Council continues to run Cockermouth School as a rest centre. A591 at Thirlmere remains closed.
213,SITE-NEW-002,status,closed,2026-01-15T15:30:00+00:00,data\emails\f2f83b0987ed.eml,Cumberland Council continues to run Cockermouth School as a rest centre. A591 at Thirlmere remains closed.
214,SITE-0079,status,closed,2026-01-14T12:00:00+00:00,data\emails\f41441415e54.eml,'- M6 J40: CLOSED
215,SITE-0067,status,closed,2026-01-14T12:00:00+00:00,data\emails\f41441415e54.eml,'- QES Kirkby Lonsdale: CLOSED today
216,SITE-0095,status,closed,2026-01-14T12:00:00+00:00,data\emails\f41441415e54.eml,'- Pooley Bridge crossing: closed to all traffic
217,SITE-NEW-002,status,closed,2026-01-14T12:00:00+00:00,data\emails\f41441415e54.eml,'- A591 at Thirmlere: closed both directions
218,SITE-0086,status,closed,2026-01-14T12:00:00+00:00,data\emails\f41441415e54.eml,"'- Northside Bridge, Workington: closed to all traffic"
219,SITE-0128,status,closed,2026-01-14T12:00:00+00:00,data\emails\f41441415e54.eml,"'- Northside Bridge, Workington: closed to all traffic"
220,SITE-0061,status,closed,2026-01-14T11:30:00+00:00,data\emails\f5f9f162f9b4.eml,between Keswick and Grasmere is closed and drivers should not try to use it.
221,SITE-0099,status,closed,2026-01-16T11:00:00+00:00,data\emails\f95b8a90f644.eml,'- QEGS Penrith: closed to pupils
222,SITE-0090,status,closed,2026-01-16T11:00:00+00:00,data\emails\f95b8a90f644.eml,'- QEGS Penrith: closed to pupils
223,SITE-0027,status,affected,2026-01-16T13:30:00+00:00,data\emails\fbe8e72a46fe.eml,"* Carnforth Primary Substation: flooded, out of service (run by Electricity NW)"
224,SITE-0010,status,closed,2026-01-15T13:11:00+00:00,data\emails\ff0a331df046.eml,* A683 Lancaster to Kirkby Lonsdale: closed - flooding (run by LCC)
