id,relation_type,from_entity_id,to_entity_id,source_email,observed_at
1,OPERATES,ORG-NEW-001,SITE-0050,data\emails\06cea8dc9c50.eml,2026-01-14T13:00:00+00:00
2,COORDINATED_BY,INC-NEW-001,LRF-06,data\emails\08f58c0aeda5.eml,2026-01-15T14:38:00+00:00
3,COORDINATED_BY,INC-NEW-001,LRF-18,data\emails\08f58c0aeda5.eml,2026-01-15T14:38:00+00:00
4,OPERATES,ORG-108,SITE-0092,data\emails\08f58c0aeda5.eml,2026-01-15T14:38:00+00:00
5,OPERATES,ORG-025,SITE-0065,data\emails\0b2687311b6a.eml,2026-01-15T13:25:00+00:00
6,RESPONDS_TO,ORG-072,INC-NEW-001,data\emails\14f8e3793618.eml,2026-01-14T12:00:00+00:00
7,RESPONDS_TO,ORG-039,INC-NEW-001,data\emails\14f8e3793618.eml,2026-01-14T12:00:00+00:00
8,OPERATES,ORG-055,SITE-0123,data\emails\14f8e3793618.eml,2026-01-14T12:00:00+00:00
9,OPERATES,ORG-055,SITE-0084,data\emails\14f8e3793618.eml,2026-01-14T12:00:00+00:00
10,AFFECTS,INC-NEW-001,SITE-NEW-002,data\emails\16a24191aaed.eml,2026-01-16T08:55:00+00:00
11,AFFECTS,INC-NEW-001,SITE-NEW-002,data\emails\1d18a4d7c159.eml,2026-01-16T17:55:00+00:00
12,OPERATES,ORG-108,SITE-0092,data\emails\1df2ba4c430e.eml,2026-01-17T11:00:00+00:00
13,OPERATES,ORG-055,SITE-0123,data\emails\21959cf28728.eml,2026-01-16T12:00:00+00:00
14,OPERATES,ORG-055,SITE-0084,data\emails\21959cf28728.eml,2026-01-16T12:00:00+00:00
15,OPERATES,ORG-072,SITE-0121,data\emails\21959cf28728.eml,2026-01-16T12:00:00+00:00
16,AFFECTS,INC-NEW-001,SITE-0031,data\emails\238fd62a40fa.eml,2026-01-14T08:20:00+00:00
17,AFFECTS,INC-NEW-001,SITE-0003,data\emails\238fd62a40fa.eml,2026-01-14T08:20:00+00:00
18,AFFECTS,INC-NEW-001,SITE-0086,data\emails\238fd62a40fa.eml,2026-01-14T08:20:00+00:00
19,RESPONDS_TO,ORG-051,INC-NEW-001,data\emails\25c65638bb24.eml,2026-01-14T19:00:00+00:00
20,RESPONDS_TO,ORG-055,INC-NEW-001,data\emails\25c65638bb24.eml,2026-01-14T19:00:00+00:00
21,OPERATES,ORG-052,SITE-0010,data\emails\25c65638bb24.eml,2026-01-14T19:00:00+00:00
22,OPERATES,ORG-039,SITE-0026,data\emails\25c65638bb24.eml,2026-01-14T19:00:00+00:00
23,COORDINATED_BY,INC-NEW-001,LRF-20,data\emails\2a472cd7836c.eml,2026-01-12T16:00:00+00:00
24,COORDINATED_BY,INC-NEW-001,LRF-18,data\emails\2a4b006fadef.eml,2026-01-17T08:00:00+00:00
25,OPERATES,ORG-108,SITE-0039,data\emails\2a4b006fadef.eml,2026-01-17T08:00:00+00:00
26,OPERATES,ORG-108,SITE-0092,data\emails\2c38c8a729cd.eml,2026-01-16T17:00:00+00:00
27,COORDINATED_BY,INC-NEW-001,LRF-06,data\emails\2cad278cba0f.eml,2026-01-16T08:49:00+00:00
28,OPERATES,ORG-108,SITE-0090,data\emails\2cad278cba0f.eml,2026-01-16T08:49:00+00:00
29,OPERATES,ORG-025,SITE-0102,data\emails\2cf7030fe5a7.eml,2026-01-16T17:12:00+00:00
30,OPERATES,ORG-025,SITE-0065,data\emails\2cf7030fe5a7.eml,2026-01-16T17:12:00+00:00
31,OPERATES,ORG-025,SITE-0032,data\emails\2cf7030fe5a7.eml,2026-01-16T17:12:00+00:00
32,COORDINATED_BY,INC-NEW-001,LRF-06,data\emails\2d147efa5108.eml,2026-01-14T08:00:00+00:00
33,OPERATES,ORG-025,SITE-0065,data\emails\2d147efa5108.eml,2026-01-14T08:00:00+00:00
34,OPERATES,ORG-064,SITE-0065,data\emails\2d147efa5108.eml,2026-01-14T08:00:00+00:00
35,OPERATES,ORG-025,SITE-0102,data\emails\37b7e249b4fa.eml,2026-01-15T08:00:00+00:00
36,OPERATES,ORG-113,SITE-0050,data\emails\37b7e249b4fa.eml,2026-01-15T08:00:00+00:00
37,OPERATES,ORG-025,SITE-0065,data\emails\37b7e249b4fa.eml,2026-01-15T08:00:00+00:00
38,OPERATES,ORG-025,SITE-0032,data\emails\37b7e249b4fa.eml,2026-01-15T08:00:00+00:00
39,OPERATES,ORG-108,SITE-0092,data\emails\3bc43150053e.eml,2026-01-15T17:00:00+00:00
40,OPERATES,ORG-108,SITE-0039,data\emails\3bc43150053e.eml,2026-01-15T17:00:00+00:00
41,RESPONDS_TO,ORG-051,INC-NEW-001,data\emails\3f231238e03b.eml,2026-01-14T19:20:00+00:00
42,RESPONDS_TO,ORG-055,INC-NEW-001,data\emails\3f231238e03b.eml,2026-01-14T19:20:00+00:00
43,OPERATES,ORG-052,SITE-0010,data\emails\3f231238e03b.eml,2026-01-14T19:20:00+00:00
44,OPERATES,ORG-039,SITE-0026,data\emails\3f231238e03b.eml,2026-01-14T19:20:00+00:00
45,AFFECTS,INC-NEW-001,SITE-0071,data\emails\4013929f1adf.eml,2026-01-14T10:00:00+00:00
46,AFFECTS,INC-NEW-001,SITE-0084,data\emails\4013929f1adf.eml,2026-01-14T10:00:00+00:00
47,OPERATES,ORG-025,SITE-0032,data\emails\4108de7aec15.eml,2026-01-16T13:29:00+00:00
48,OPERATES,ORG-113,SITE-0050,data\emails\4108de7aec15.eml,2026-01-16T13:29:00+00:00
49,OPERATES,ORG-025,SITE-0065,data\emails\4108de7aec15.eml,2026-01-16T13:29:00+00:00
50,OPERATES,ORG-075,SITE-0031,data\emails\46e3a0ff4a87.eml,2026-01-14T02:40:00+00:00
51,OPERATES,ORG-028,SITE-0031,data\emails\46e3a0ff4a87.eml,2026-01-14T02:40:00+00:00
52,OPERATES,ORG-075,SITE-0032,data\emails\46e3a0ff4a87.eml,2026-01-14T02:40:00+00:00
53,OPERATES,ORG-028,SITE-0032,data\emails\46e3a0ff4a87.eml,2026-01-14T02:40:00+00:00
54,OPERATES,ORG-025,SITE-0065,data\emails\470e5dbefb72.eml,2026-01-15T13:00:00+00:00
55,RESPONDS_TO,ORG-072,INC-NEW-001,data\emails\5ecc432424cd.eml,2026-01-14T12:20:00+00:00
56,RESPONDS_TO,ORG-039,INC-NEW-001,data\emails\5ecc432424cd.eml,2026-01-14T12:20:00+00:00
57,OPERATES,ORG-055,SITE-0123,data\emails\5ecc432424cd.eml,2026-01-14T12:20:00+00:00
58,OPERATES,ORG-055,SITE-0084,data\emails\5ecc432424cd.eml,2026-01-14T12:20:00+00:00
59,OPERATES,ORG-025,SITE-0102,data\emails\65c889f9fb7d.eml,2026-01-16T17:00:00+00:00
60,OPERATES,ORG-025,SITE-0065,data\emails\65c889f9fb7d.eml,2026-01-16T17:00:00+00:00
61,OPERATES,ORG-025,SITE-0032,data\emails\65c889f9fb7d.eml,2026-01-16T17:00:00+00:00
62,COORDINATED_BY,INC-NEW-001,LRF-06,data\emails\6b10a5e7538a.eml,2026-01-16T08:00:00+00:00
63,OPERATES,ORG-108,SITE-0090,data\emails\6b10a5e7538a.eml,2026-01-16T08:00:00+00:00
64,OPERATES,ORG-025,SITE-0032,data\emails\6d75fcd91d63.eml,2026-01-16T12:00:00+00:00
65,OPERATES,ORG-113,SITE-0050,data\emails\6d75fcd91d63.eml,2026-01-16T12:00:00+00:00
66,OPERATES,ORG-025,SITE-0065,data\emails\6d75fcd91d63.eml,2026-01-16T12:00:00+00:00
67,OPERATES,ORG-025,SITE-0065,data\emails\72d57c5fd84b.eml,2026-01-13T17:00:00+00:00
68,OPERATES,ORG-025,SITE-0065,data\emails\78b3adbabc96.eml,2026-01-14T13:00:00+00:00
69,OPERATES,ORG-025,SITE-0032,data\emails\78b3adbabc96.eml,2026-01-14T13:00:00+00:00
70,OPERATES,ORG-108,SITE-0039,data\emails\7cbda8605fcf.eml,2026-01-15T12:00:00+00:00
71,OPERATES,ORG-025,SITE-0065,data\emails\7f783a1a93e0.eml,2026-01-13T17:39:00+00:00
72,COORDINATED_BY,INC-NEW-001,LRF-18,data\emails\8c3845157656.eml,2026-01-17T08:33:00+00:00
73,OPERATES,ORG-108,SITE-0039,data\emails\8c3845157656.eml,2026-01-17T08:33:00+00:00
74,OPERATES,ORG-025,SITE-0102,data\emails\8f0bdc68f170.eml,2026-01-14T18:33:00+00:00
75,OPERATES,ORG-NEW-001,SITE-0050,data\emails\8f0bdc68f170.eml,2026-01-14T18:33:00+00:00
76,OPERATES,ORG-025,SITE-0065,data\emails\8f0bdc68f170.eml,2026-01-14T18:33:00+00:00
77,AFFECTS,INC-NEW-001,SITE-0086,data\emails\8fe4b9d95c58.eml,2026-01-14T10:05:00+00:00
78,OPERATES,ORG-NEW-001,SITE-0050,data\emails\94498cf4324d.eml,2026-01-14T12:15:00+00:00
79,RESPONDS_TO,ORG-115,INC-NEW-001,data\emails\9e0b061ce8f4.eml,2026-01-13T13:00:00+00:00
80,RESPONDS_TO,ORG-075,INC-NEW-001,data\emails\9e0b061ce8f4.eml,2026-01-13T13:00:00+00:00
81,RESPONDS_TO,ORG-051,INC-NEW-001,data\emails\9e0b061ce8f4.eml,2026-01-13T13:00:00+00:00
82,AFFECTS,INC-NEW-001,SITE-0048,data\emails\9fbabac4d37f.eml,2026-01-14T11:00:00+00:00
83,RESPONDS_TO,ORG-052,INC-NEW-001,data\emails\a117871afc78.eml,2026-01-13T21:20:00+00:00
84,RESPONDS_TO,ORG-039,INC-NEW-001,data\emails\a117871afc78.eml,2026-01-13T21:20:00+00:00
85,OPERATES,ORG-052,SITE-0010,data\emails\a117871afc78.eml,2026-01-13T21:20:00+00:00
86,OPERATES,ORG-052,SITE-0058,data\emails\a117871afc78.eml,2026-01-13T21:20:00+00:00
87,OPERATES,ORG-025,SITE-0102,data\emails\a4042f5a5be7.eml,2026-01-14T18:00:00+00:00
88,OPERATES,ORG-NEW-001,SITE-0050,data\emails\a4042f5a5be7.eml,2026-01-14T18:00:00+00:00
89,OPERATES,ORG-025,SITE-0065,data\emails\a4042f5a5be7.eml,2026-01-14T18:00:00+00:00
90,OPERATES,ORG-025,SITE-0032,data\emails\a4f970872805.eml,2026-01-17T17:00:00+00:00
91,OPERATES,ORG-052,SITE-0010,data\emails\aa263df212a9.eml,2026-01-13T21:00:00+00:00
92,OPERATES,ORG-052,SITE-0058,data\emails\aa263df212a9.eml,2026-01-13T21:00:00+00:00
93,RESPONDS_TO,ORG-051,INC-NEW-001,data\emails\afceaa553a1d.eml,2026-01-15T12:00:00+00:00
94,RESPONDS_TO,ORG-072,INC-NEW-001,data\emails\afceaa553a1d.eml,2026-01-15T12:00:00+00:00
95,RESPONDS_TO,ORG-055,INC-NEW-001,data\emails\afceaa553a1d.eml,2026-01-15T12:00:00+00:00
96,RESPONDS_TO,ORG-053,INC-NEW-001,data\emails\afceaa553a1d.eml,2026-01-15T12:00:00+00:00
97,OPERATES,ORG-055,SITE-0123,data\emails\afceaa553a1d.eml,2026-01-15T12:00:00+00:00
98,OPERATES,ORG-052,SITE-0010,data\emails\afceaa553a1d.eml,2026-01-15T12:00:00+00:00
99,OPERATES,ORG-039,SITE-0026,data\emails\afceaa553a1d.eml,2026-01-15T12:00:00+00:00
100,COORDINATED_BY,INC-NEW-001,LRF-06,data\emails\b85602eb6043.eml,2026-01-15T14:00:00+00:00
101,COORDINATED_BY,INC-NEW-001,LRF-18,data\emails\b85602eb6043.eml,2026-01-15T14:00:00+00:00
102,OPERATES,ORG-108,SITE-0092,data\emails\b85602eb6043.eml,2026-01-15T14:00:00+00:00
103,OPERATES,ORG-025,SITE-0032,data\emails\b99a8c5ab179.eml,2026-01-17T09:20:00+00:00
104,OPERATES,ORG-025,SITE-0102,data\emails\c3a5a5c57f30.eml,2026-01-16T08:00:00+00:00
105,OPERATES,ORG-025,SITE-0065,data\emails\c3a5a5c57f30.eml,2026-01-16T08:00:00+00:00
106,OPERATES,ORG-NEW-001,SITE-0050,data\emails\c3a5a5c57f30.eml,2026-01-16T08:00:00+00:00
107,AFFECTS,INC-NEW-001,SITE-0003,data\emails\c48c78436e16.eml,2026-01-15T18:55:00+00:00
108,RESPONDS_TO,ORG-072,INC-NEW-001,data\emails\d1e2d5803612.eml,2026-01-15T19:00:00+00:00
109,RESPONDS_TO,ORG-040,INC-NEW-001,data\emails\d1e2d5803612.eml,2026-01-15T19:00:00+00:00
110,RESPONDS_TO,ORG-052,INC-NEW-001,data\emails\d1e2d5803612.eml,2026-01-15T19:00:00+00:00
111,OPERATES,ORG-072,SITE-0121,data\emails\d1e2d5803612.eml,2026-01-15T19:00:00+00:00
112,OPERATES,ORG-055,SITE-0123,data\emails\d1e2d5803612.eml,2026-01-15T19:00:00+00:00
113,OPERATES,ORG-025,SITE-0032,data\emails\d226c31853bc.eml,2026-01-15T18:00:00+00:00
114,OPERATES,ORG-025,SITE-0102,data\emails\d226c31853bc.eml,2026-01-15T18:00:00+00:00
115,OPERATES,ORG-025,SITE-0065,data\emails\d226c31853bc.eml,2026-01-15T18:00:00+00:00
116,OPERATES,ORG-072,SITE-0121,data\emails\d226c31853bc.eml,2026-01-15T18:00:00+00:00
117,OPERATES,ORG-075,SITE-0042,data\emails\da4a7d399d42.eml,2026-01-14T03:56:00+00:00
118,OPERATES,ORG-075,SITE-0031,data\emails\da4a7d399d42.eml,2026-01-14T03:56:00+00:00
119,OPERATES,ORG-028,SITE-0031,data\emails\da4a7d399d42.eml,2026-01-14T03:56:00+00:00
120,OPERATES,ORG-075,SITE-0032,data\emails\da4a7d399d42.eml,2026-01-14T03:56:00+00:00
121,OPERATES,ORG-028,SITE-0032,data\emails\da4a7d399d42.eml,2026-01-14T03:56:00+00:00
122,OPERATES,ORG-NEW-001,SITE-0050,data\emails\e03b6ab6c710.eml,2026-01-14T12:30:00+00:00
123,RESPONDS_TO,ORG-072,INC-NEW-001,data\emails\e71deea8b849.eml,2026-01-14T13:24:00+00:00
124,RESPONDS_TO,ORG-039,INC-NEW-001,data\emails\e71deea8b849.eml,2026-01-14T13:24:00+00:00
125,OPERATES,ORG-055,SITE-0123,data\emails\e71deea8b849.eml,2026-01-14T13:24:00+00:00
126,OPERATES,ORG-055,SITE-0084,data\emails\e71deea8b849.eml,2026-01-14T13:24:00+00:00
127,AFFECTS,INC-NEW-001,SITE-0031,data\emails\e970a3b59cfb.eml,2026-01-13T22:45:00+00:00
128,OPERATES,ORG-025,SITE-0032,data\emails\e9849ea4c591.eml,2026-01-17T09:00:00+00:00
129,OPERATES,ORG-025,SITE-0065,data\emails\f41441415e54.eml,2026-01-14T12:00:00+00:00
130,OPERATES,ORG-025,SITE-0032,data\emails\f41441415e54.eml,2026-01-14T12:00:00+00:00
131,OPERATES,ORG-108,SITE-0039,data\emails\f95b8a90f644.eml,2026-01-16T11:00:00+00:00
132,OPERATES,ORG-108,SITE-0092,data\emails\f95b8a90f644.eml,2026-01-16T11:00:00+00:00
133,OPERATES,ORG-055,SITE-0123,data\emails\fbe8e72a46fe.eml,2026-01-16T13:30:00+00:00
134,OPERATES,ORG-055,SITE-0084,data\emails\fbe8e72a46fe.eml,2026-01-16T13:30:00+00:00
135,OPERATES,ORG-072,SITE-0121,data\emails\fbe8e72a46fe.eml,2026-01-16T13:30:00+00:00
136,RESPONDS_TO,ORG-051,INC-NEW-001,data\emails\ff0a331df046.eml,2026-01-15T13:11:00+00:00
137,RESPONDS_TO,ORG-072,INC-NEW-001,data\emails\ff0a331df046.eml,2026-01-15T13:11:00+00:00
138,RESPONDS_TO,ORG-055,INC-NEW-001,data\emails\ff0a331df046.eml,2026-01-15T13:11:00+00:00
139,RESPONDS_TO,ORG-053,INC-NEW-001,data\emails\ff0a331df046.eml,2026-01-15T13:11:00+00:00
140,OPERATES,ORG-055,SITE-0123,data\emails\ff0a331df046.eml,2026-01-15T13:11:00+00:00
141,OPERATES,ORG-052,SITE-0010,data\emails\ff0a331df046.eml,2026-01-15T13:11:00+00:00
142,OPERATES,ORG-039,SITE-0026,data\emails\ff0a331df046.eml,2026-01-15T13:11:00+00:00
143,AFFECTS,INC-NEW-001,SITE-0031,data\emails\ffb790a7d071.eml,2026-01-14T08:00:00+00:00
144,AFFECTS,INC-NEW-001,SITE-0003,data\emails\ffb790a7d071.eml,2026-01-14T08:00:00+00:00
145,AFFECTS,INC-NEW-001,SITE-0086,data\emails\ffb790a7d071.eml,2026-01-14T08:00:00+00:00
