lrf_id,name,aliases
LRF-01,Avon and Somerset Local Resilience Forum,Avon and Somerset LRF
LRF-02,Bedfordshire Local Resilience Forum,Bedfordshire LRF
LRF-03,Cambridgeshire and Peterborough Local Resilience Forum,Cambridgeshire and Peterborough LRF
LRF-04,Cheshire Local Resilience Forum,Cheshire LRF
LRF-05,Cleveland Local Resilience Forum,Cleveland LRF
LRF-06,Cumbria Local Resilience Forum,Cumbria LRF
LRF-07,Derbyshire Local Resilience Forum,Derbyshire LRF
LRF-08,"Devon, Cornwall and Isles of Scilly Local Resilience Forum","Devon, Cornwall and Isles of Scilly LRF"
LRF-09,Dorset Local Resilience Forum,Dorset LRF
LRF-10,Durham and Darlington Local Resilience Forum,Durham and Darlington LRF
LRF-11,Essex Local Resilience Forum,Essex LRF
LRF-12,Gloucestershire Local Resilience Forum,Gloucestershire LRF
LRF-13,Greater Manchester Local Resilience Forum,Greater Manchester LRF
LRF-14,Hampshire and Isle of Wight Local Resilience Forum,Hampshire and Isle of Wight LRF
LRF-15,Hertfordshire Local Resilience Forum,Hertfordshire LRF
LRF-16,Humber Local Resilience Forum,Humber LRF
LRF-17,Kent Local Resilience Forum,Kent LRF
LRF-18,Lancashire Resilience Forum,Lancashire LRF
LRF-19,"Leicester, Leicestershire and Rutland Local Resilience Forum","Leicester, Leicestershire and Rutland LRF"
LRF-20,Lincolnshire Local Resilience Forum,Lincolnshire LRF
LRF-21,London Resilience Forum,London LRF
LRF-22,Merseyside Local Resilience Forum,Merseyside LRF
LRF-23,Norfolk Local Resilience Forum,Norfolk LRF
LRF-24,North Yorkshire Local Resilience Forum,North Yorkshire LRF
LRF-25,Northamptonshire Local Resilience Forum,Northamptonshire LRF
LRF-26,Northumbria Local Resilience Forum,Northumbria LRF
LRF-27,Nottingham and Nottinghamshire Local Resilience Forum,Nottingham and Nottinghamshire LRF
LRF-28,South Yorkshire Local Resilience Forum,South Yorkshire LRF
LRF-29,Staffordshire Local Resilience Forum,Staffordshire LRF
LRF-30,Suffolk Local Resilience Forum,Suffolk LRF
LRF-31,Surrey Local Resilience Forum,Surrey LRF
LRF-32,Sussex Local Resilience Forum,Sussex LRF
LRF-33,Thames Valley Local Resilience Forum,Thames Valley LRF
LRF-34,Warwickshire Local Resilience Forum,Warwickshire LRF
LRF-35,West Mercia Local Resilience Forum,West Mercia LRF
LRF-36,West Midlands Local Resilience Forum,West Midlands LRF
LRF-37,West Yorkshire Local Resilience Forum,West Yorkshire LRF
LRF-38,Wiltshire and Swindon Local Resilience Forum,Wiltshire and Swindon LRF
