org_id,name,aliases,org_type,notes
ORG-001,Allerdale Borough Council,,local_authority,Abolished 1 April 2023 (local government reorganisation). Functions passed to Cumberland Council and Westmorland and Furness Council.
ORG-002,Avanti West Coast,,transport_operator,
ORG-003,Barrow Borough Council,,local_authority,Abolished 1 April 2023 (local government reorganisation). Functions passed to Cumberland Council and Westmorland and Furness Council.
ORG-004,Blackburn with Darwen Borough Council,,local_authority,
ORG-005,Blackpool Council,,local_authority,
ORG-006,Blackpool Teaching Hospitals NHS Foundation Trust,,health,
ORG-007,Bolton Council,,local_authority,
ORG-008,British Red Cross,,voluntary,
ORG-009,British Transport Police,BTP,police,
ORG-010,Burnley Borough Council,,local_authority,
ORG-011,Cabinet Office,,central_government,
ORG-012,Cadent Gas,Cadent,utility,
ORG-013,Calderdale Council,,local_authority,
ORG-014,Canal & River Trust,,other,
ORG-015,Carlisle City Council,,local_authority,Abolished 1 April 2023 (local government reorganisation). Functions passed to Cumberland Council and Westmorland and Furness Council.
ORG-016,Cheshire Constabulary,,police,
ORG-017,Cheshire East Council,,local_authority,
ORG-018,Cheshire Fire and Rescue Service,,fire_and_rescue,
ORG-019,Cheshire West and Chester Council,CWaC,local_authority,
ORG-020,Chorley Council,,local_authority,
ORG-021,City of Bradford Metropolitan District Council,Bradford Council,local_authority,
ORG-022,Cockermouth Mountain Rescue Team,,voluntary,
ORG-023,Copeland Borough Council,,local_authority,Abolished 1 April 2023 (local government reorganisation). Functions passed to Cumberland Council and Westmorland and Furness Council.
ORG-024,County Durham and Darlington Fire and Rescue Service,,fire_and_rescue,
ORG-025,Cumberland Council,,local_authority,
ORG-026,Cumbria Constabulary,Cumbria Police,police,
ORG-027,Cumbria County Council,,local_authority,Abolished 1 April 2023 (local government reorganisation). Functions passed to Cumberland Council and Westmorland and Furness Council.
ORG-028,Cumbria Fire and Rescue Service,CFRS,fire_and_rescue,
ORG-029,Department for Education,DfE,central_government,
ORG-030,Department for Energy Security and Net Zero,DESNZ,central_government,
ORG-031,"Department for Environment, Food and Rural Affairs",Defra,central_government,
ORG-032,Department for Transport,DfT,central_government,
ORG-033,Department of Health and Social Care,DHSC,central_government,
ORG-034,Drinking Water Inspectorate,DWI,government_agency,
ORG-035,Dumfries and Galloway Council,,local_authority,
ORG-036,Durham Constabulary,,police,
ORG-037,Durham County Council,,local_authority,
ORG-038,Eden District Council,,local_authority,Abolished 1 April 2023 (local government reorganisation). Functions passed to Cumberland Council and Westmorland and Furness Council.
ORG-039,Electricity North West,ENWL,utility,
ORG-040,Environment Agency,EA,government_agency,
ORG-041,Food Standards Agency,FSA,government_agency,
ORG-042,Forestry England,,government_agency,
ORG-043,Fylde Council,,local_authority,
ORG-044,Greater Manchester Fire and Rescue Service,GMFRS,fire_and_rescue,
ORG-045,Greater Manchester Police,GMP,police,
ORG-046,Home Office,,central_government,
ORG-047,Hyndburn Borough Council,,local_authority,
ORG-048,Keswick Mountain Rescue Team,,voluntary,
ORG-049,Kirklees Council,,local_authority,
ORG-050,Lake District National Park Authority,LDNPA,government_agency,
ORG-051,Lancashire Constabulary,Lancashire Police,police,
ORG-052,Lancashire County Council,LCC,local_authority,
ORG-053,Lancashire Fire and Rescue Service,LFRS,fire_and_rescue,
ORG-054,Lancashire Teaching Hospitals NHS Foundation Trust,,health,
ORG-055,Lancaster City Council,,local_authority,
ORG-056,Leeds City Council,,local_authority,
ORG-057,Liverpool City Council,,local_authority,
ORG-058,Manchester City Council,,local_authority,
ORG-059,Maritime and Coastguard Agency,MCA,government_agency,
ORG-060,Merseyside Fire and Rescue Service,MFRS,fire_and_rescue,
ORG-061,Merseyside Police,,police,
ORG-062,Met Office,,government_agency,
ORG-063,Ministry of Defence,MOD,military,
ORG-064,"Ministry of Housing, Communities and Local Government",MHCLG,central_government,
ORG-065,Mountain Rescue England and Wales,,voluntary,
ORG-066,NHS England,,health,
ORG-067,NHS Lancashire and South Cumbria Integrated Care Board,LSC ICB,health,
ORG-068,NHS North East and North Cumbria Integrated Care Board,NENC ICB,health,
ORG-069,National Grid Electricity Transmission,,utility,
ORG-070,National Highways,,transport_operator,
ORG-071,Natural England,,government_agency,
ORG-072,Network Rail,,transport_operator,
ORG-073,North Cumbria Integrated Care NHS Foundation Trust,NCIC,health,
ORG-074,North East Ambulance Service NHS Foundation Trust,NEAS,ambulance,
ORG-075,North West Ambulance Service NHS Trust,NWAS,ambulance,
ORG-076,North Yorkshire Council,,local_authority,
ORG-077,North Yorkshire Fire and Rescue Service,NYFRS,fire_and_rescue,
ORG-078,North Yorkshire Police,,police,
ORG-079,Northern Gas Networks,,utility,
ORG-080,Northern Powergrid,,utility,
ORG-081,Northern Trains,Northern,transport_operator,
ORG-082,Northumberland County Council,,local_authority,
ORG-083,Northumberland Fire and Rescue Service,,fire_and_rescue,
ORG-084,Northumbria Police,,police,
ORG-085,Northumbrian Water,,utility,
ORG-086,Openreach,,utility,
ORG-087,Patterdale Mountain Rescue Team,,voluntary,
ORG-088,Pendle Borough Council,,local_authority,
ORG-089,Penrith Mountain Rescue Team,,voluntary,
ORG-090,Police Scotland,,police,
ORG-091,Preston City Council,,local_authority,
ORG-092,RNLI,,voluntary,
ORG-093,Ribble Valley Borough Council,,local_authority,
ORG-094,Rossendale Borough Council,,local_authority,
ORG-095,Royal Voluntary Service,RVS,voluntary,
ORG-096,SP Energy Networks,SPEN,utility,
ORG-097,Salford City Council,,local_authority,
ORG-098,Scottish Fire and Rescue Service,SFRS,fire_and_rescue,
ORG-099,Sefton Council,,local_authority,
ORG-100,Sellafield Ltd,,private_company,
ORG-101,South Lakeland District Council,SLDC,local_authority,Abolished 1 April 2023 (local government reorganisation). Functions passed to Cumberland Council and Westmorland and Furness Council.
ORG-102,South Ribble Borough Council,,local_authority,
ORG-103,St John Ambulance,,voluntary,
ORG-104,Stagecoach North West,,transport_operator,
ORG-105,The Salvation Army,,voluntary,
ORG-106,TransPennine Express,TPE,transport_operator,
ORG-107,UK Health Security Agency,UKHSA,health,
ORG-108,United Utilities,UU,utility,
ORG-109,University Hospitals of Morecambe Bay NHS Foundation Trust,UHMBT,health,
ORG-110,West Lancashire Borough Council,,local_authority,
ORG-111,West Yorkshire Fire and Rescue Service,WYFRS,fire_and_rescue,
ORG-112,West Yorkshire Police,,police,
ORG-113,Westmorland and Furness Council,Westmorland & Furness Council,local_authority,
ORG-114,Wigan Council,,local_authority,
ORG-115,Wyre Council,Wyre Borough Council,local_authority,
ORG-116,Yorkshire Ambulance Service NHS Trust,YAS,ambulance,
ORG-117,Yorkshire Water,,utility,
